station_type,station_id,station_name,lag_hours,subset,water_level_correlation,water_level_pairs,six_hour_rise_correlation,rise_pairs
rain,14690,Hồ chứa nước Thủy Yên,0,all,0.2549359123216575,7651,0.1083087257295097,7645
rain,14690,Hồ chứa nước Thủy Yên,0,high_water_p90,0.28542501583925134,766,0.18783729902687946,760
rain,14690,Hồ chứa nước Thủy Yên,1,all,0.2624651633338438,7651,0.09964518753519477,7645
rain,14690,Hồ chứa nước Thủy Yên,1,high_water_p90,0.30696070857991764,766,0.1849818885196168,760
rain,14690,Hồ chứa nước Thủy Yên,2,all,0.27094625337344924,7651,0.09437157667417785,7645
rain,14690,Hồ chứa nước Thủy Yên,2,high_water_p90,0.315774683886065,766,0.17579211810330825,760
rain,14690,Hồ chứa nước Thủy Yên,3,all,0.2803759353131339,7651,0.09344097954450435,7645
rain,14690,Hồ chứa nước Thủy Yên,3,high_water_p90,0.3328527625177404,766,0.17582620682735847,760
rain,14690,Hồ chứa nước Thủy Yên,6,all,0.31041652689607363,7651,0.1085358732246108,7645
rain,14690,Hồ chứa nước Thủy Yên,6,high_water_p90,0.34536666963180296,766,0.18134459273934264,760
rain,14690,Hồ chứa nước Thủy Yên,12,all,0.32813208791721,7651,0.03540022385661511,7645
rain,14690,Hồ chứa nước Thủy Yên,12,high_water_p90,0.3258428701601586,766,-0.010322565416200228,760
rain,14690,Hồ chứa nước Thủy Yên,24,all,0.3169181437795203,7651,0.0020235139343363646,7645
rain,14690,Hồ chứa nước Thủy Yên,24,high_water_p90,0.31371269068855046,766,-0.06328859117692465,760
rain,14690,Hồ chứa nước Thủy Yên,48,all,0.2256969889810366,7651,0.0027853879710529167,7645
rain,14690,Hồ chứa nước Thủy Yên,48,high_water_p90,0.19321500831654068,766,-0.043574191097234635,760
rain,14696,Hồ chứa nước Khe Ngang,0,all,0.1760194755057674,7667,0.058540212966936296,7661
rain,14696,Hồ chứa nước Khe Ngang,0,high_water_p90,0.14891013743634912,766,0.058584808728153845,760
rain,14696,Hồ chứa nước Khe Ngang,1,all,0.18957596281779102,7667,0.07816203866593045,7661
rain,14696,Hồ chứa nước Khe Ngang,1,high_water_p90,0.16041374181779708,766,0.09122553778783873,760
rain,14696,Hồ chứa nước Khe Ngang,2,all,0.2022289979875626,7667,0.09769743677543143,7661
rain,14696,Hồ chứa nước Khe Ngang,2,high_water_p90,0.18467250151984,766,0.14614273714766726,760
rain,14696,Hồ chứa nước Khe Ngang,3,all,0.21226367500637322,7667,0.11337758397736541,7661
rain,14696,Hồ chứa nước Khe Ngang,3,high_water_p90,0.20665796657337118,766,0.176347389501961,760
rain,14696,Hồ chứa nước Khe Ngang,6,all,0.22665233680216784,7667,0.09968857652568378,7661
rain,14696,Hồ chứa nước Khe Ngang,6,high_water_p90,0.19257701319740672,766,0.12150189186540909,760
rain,14696,Hồ chứa nước Khe Ngang,12,all,0.20129620478359858,7667,-0.048336043416232384,7661
rain,14696,Hồ chứa nước Khe Ngang,12,high_water_p90,0.21951318779986212,766,-0.08594190498754956,760
rain,14696,Hồ chứa nước Khe Ngang,24,all,0.20291387653868165,7667,-0.034198140488608225,7661
rain,14696,Hồ chứa nước Khe Ngang,24,high_water_p90,0.30764813401139807,766,-0.014843227034028099,760
rain,14696,Hồ chứa nước Khe Ngang,48,all,0.12718656492938668,7667,-0.0666493634982459,7661
rain,14696,Hồ chứa nước Khe Ngang,48,high_water_p90,0.19679439553388783,766,-0.08502551211722419,760
rain,14699,Hồ chứa nước Truồi,0,all,0.28807900665708597,7640,0.0939928421566451,7634
rain,14699,Hồ chứa nước Truồi,0,high_water_p90,0.446176709044592,766,0.15341155391931902,760
rain,14699,Hồ chứa nước Truồi,1,all,0.30150978436245296,7640,0.1093265678771841,7634
rain,14699,Hồ chứa nước Truồi,1,high_water_p90,0.4414000955218627,766,0.17018647989532426,760
rain,14699,Hồ chứa nước Truồi,2,all,0.3151358213975111,7640,0.12536849777511322,7634
rain,14699,Hồ chứa nước Truồi,2,high_water_p90,0.43187248124283695,766,0.17786571573313095,760
rain,14699,Hồ chứa nước Truồi,3,all,0.3290606234373251,7640,0.13947963225892746,7634
rain,14699,Hồ chứa nước Truồi,3,high_water_p90,0.4416009628131136,766,0.19297407565463118,760
rain,14699,Hồ chứa nước Truồi,6,all,0.35783558973231616,7640,0.1361272268422259,7634
rain,14699,Hồ chứa nước Truồi,6,high_water_p90,0.4352774355435107,766,0.1892270359452839,760
rain,14699,Hồ chứa nước Truồi,12,all,0.3633704785000844,7640,0.012080830195921578,7634
rain,14699,Hồ chứa nước Truồi,12,high_water_p90,0.44990586832735774,766,-0.001251473415916374,760
rain,14699,Hồ chứa nước Truồi,24,all,0.3407003572727074,7640,-0.03203008842824485,7634
rain,14699,Hồ chứa nước Truồi,24,high_water_p90,0.48229623804656097,766,-0.13804191616954115,760
rain,14699,Hồ chứa nước Truồi,48,all,0.24549636278209697,7640,-0.016485722299095104,7634
rain,14699,Hồ chứa nước Truồi,48,high_water_p90,0.2865066156099575,766,-0.09843497037300966,760
rain,228005,Cảng Chân Mây,0,all,0.22781159862616326,4565,0.13809071594226754,4565
rain,228005,Cảng Chân Mây,0,high_water_p90,0.6509490361303817,194,0.22815604775864748,194
rain,228005,Cảng Chân Mây,1,all,0.22880994448418107,4564,0.10750159021431366,4564
rain,228005,Cảng Chân Mây,1,high_water_p90,0.6479078838050768,194,0.1311841204033882,194
rain,228005,Cảng Chân Mây,2,all,0.22574541333594084,4563,0.07712787251314712,4563
rain,228005,Cảng Chân Mây,2,high_water_p90,0.6249213350955957,194,0.036889561966740585,194
rain,228005,Cảng Chân Mây,3,all,0.21717693200329527,4562,0.042759433286807494,4562
rain,228005,Cảng Chân Mây,3,high_water_p90,0.5792008369518694,194,-0.06530651227653984,194
rain,228005,Cảng Chân Mây,6,all,0.18090576105479994,4559,-0.056075906509865395,4559
rain,228005,Cảng Chân Mây,6,high_water_p90,0.40709924484460713,194,-0.34450240126426335,194
rain,228005,Cảng Chân Mây,12,all,0.1512394711081565,4553,-0.03533668977805969,4553
rain,228005,Cảng Chân Mây,12,high_water_p90,0.33973870407484996,194,-0.21377727185707457,194
rain,228005,Cảng Chân Mây,24,all,0.1389823038358919,4541,0.05546751106311969,4541
rain,228005,Cảng Chân Mây,24,high_water_p90,0.31237637089192033,194,0.059987548028013565,194
rain,228005,Cảng Chân Mây,48,all,0.08196046803132116,4517,0.07857492088729456,4517
rain,228005,Cảng Chân Mây,48,high_water_p90,0.11276511889724569,194,0.2026994920269332,194
rain,228006,VPTT PCTTHUE,0,all,0.08909122805320603,6010,0.04982820575001135,6010
rain,228006,VPTT PCTTHUE,0,high_water_p90,0.404371397591385,235,0.014685897642331249,235
rain,228006,VPTT PCTTHUE,1,all,0.10851927370807615,6009,0.06508424393029487,6009
rain,228006,VPTT PCTTHUE,1,high_water_p90,0.47208011181179504,235,0.04835151793734083,235
rain,228006,VPTT PCTTHUE,2,all,0.12021915342443985,6008,0.07278477782221436,6008
rain,228006,VPTT PCTTHUE,2,high_water_p90,0.541456851004945,235,0.09047045234991033,235
rain,228006,VPTT PCTTHUE,3,all,0.13079950568825685,6007,0.08065980313030882,6007
rain,228006,VPTT PCTTHUE,3,high_water_p90,0.614458856081781,235,0.13298389786889303,235
rain,228006,VPTT PCTTHUE,6,all,0.13752026970685882,6004,0.056906270761164175,6004
rain,228006,VPTT PCTTHUE,6,high_water_p90,0.5559628031124056,235,0.046918127305880436,235
rain,228006,VPTT PCTTHUE,12,all,0.08645193324837845,5998,-0.05909654661162707,5998
rain,228006,VPTT PCTTHUE,12,high_water_p90,0.3665959121508194,235,-0.28911988738661326,235
rain,228006,VPTT PCTTHUE,24,all,0.06056685418816608,5986,-0.01642701116396702,5986
rain,228006,VPTT PCTTHUE,24,high_water_p90,0.3311069920093056,235,-0.03654391809977414,235
rain,228006,VPTT PCTTHUE,48,all,0.033010351973651264,5962,-0.020795510925383225,5962
rain,228006,VPTT PCTTHUE,48,high_water_p90,0.2731417671167492,235,0.02274466576594677,235
rain,567011,Quan Tượng Đài (Phú Xuân),0,all,0.10365207261611786,7653,0.03971685654542313,7647
rain,567011,Quan Tượng Đài (Phú Xuân),0,high_water_p90,0.04112600605979478,766,0.025217669363511427,760
rain,567011,Quan Tượng Đài (Phú Xuân),1,all,0.11710088344836045,7653,0.0649747080551663,7647
rain,567011,Quan Tượng Đài (Phú Xuân),1,high_water_p90,0.05732695710686372,766,0.0692657497164093,760
rain,567011,Quan Tượng Đài (Phú Xuân),2,all,0.12836818219075286,7653,0.08676376248435339,7647
rain,567011,Quan Tượng Đài (Phú Xuân),2,high_water_p90,0.06769344202213089,766,0.11818696284037057,760
rain,567011,Quan Tượng Đài (Phú Xuân),3,all,0.1378733884750103,7653,0.10425705531292795,7647
rain,567011,Quan Tượng Đài (Phú Xuân),3,high_water_p90,0.08604141165520975,766,0.15653693032891827,760
rain,567011,Quan Tượng Đài (Phú Xuân),6,all,0.14784631819451646,7653,0.08694007894643677,7647
rain,567011,Quan Tượng Đài (Phú Xuân),6,high_water_p90,0.08824653165161044,766,0.12298278305663492,760
rain,567011,Quan Tượng Đài (Phú Xuân),12,all,0.13496015864659297,7653,-0.024116962691809202,7647
rain,567011,Quan Tượng Đài (Phú Xuân),12,high_water_p90,0.10518267063227701,766,-0.048487264496824174,760
rain,567011,Quan Tượng Đài (Phú Xuân),24,all,0.1589743080550026,7653,0.013675259206737869,7647
rain,567011,Quan Tượng Đài (Phú Xuân),24,high_water_p90,0.24027779230356128,765,0.10449345545289558,759
rain,567011,Quan Tượng Đài (Phú Xuân),48,all,0.11867494260907765,7653,-0.0484967607920701,7647
rain,567011,Quan Tượng Đài (Phú Xuân),48,high_water_p90,0.17413882757492585,766,-0.12166830624494192,760
rain,677493,TT Khe Tre (Phú Lộc),0,all,0.21952844499681,7667,-0.014179862597107785,7661
rain,677493,TT Khe Tre (Phú Lộc),0,high_water_p90,0.27479361305114947,766,-0.08151145024436911,760
rain,677493,TT Khe Tre (Phú Lộc),1,all,0.2206878712947443,7667,-0.01693107753260336,7661
rain,677493,TT Khe Tre (Phú Lộc),1,high_water_p90,0.260674168508247,766,-0.10590443075643605,760
rain,677493,TT Khe Tre (Phú Lộc),2,all,0.2252263935320162,7667,-0.007905029128052783,7661
rain,677493,TT Khe Tre (Phú Lộc),2,high_water_p90,0.2733946374269728,766,-0.10993465834274403,760
rain,677493,TT Khe Tre (Phú Lộc),3,all,0.23233918297560333,7667,0.010449044332256217,7661
rain,677493,TT Khe Tre (Phú Lộc),3,high_water_p90,0.2768899877550706,766,-0.062327390782187395,760
rain,677493,TT Khe Tre (Phú Lộc),6,all,0.2586526381451167,7667,0.0772315350853066,7661
rain,677493,TT Khe Tre (Phú Lộc),6,high_water_p90,0.29871148869990277,766,0.08801493071416787,760
rain,677493,TT Khe Tre (Phú Lộc),12,all,0.2475143023386943,7667,-0.020572262874287553,7661
rain,677493,TT Khe Tre (Phú Lộc),12,high_water_p90,0.23601741171140952,766,-0.16684322364699647,760
rain,677493,TT Khe Tre (Phú Lộc),24,all,0.216704188021467,7667,-0.03917658759904607,7661
rain,677493,TT Khe Tre (Phú Lộc),24,high_water_p90,0.2031204004151436,766,-0.13661623883910975,760
rain,677493,TT Khe Tre (Phú Lộc),48,all,0.16731330331153188,7667,-0.03671155392017499,7661
rain,677493,TT Khe Tre (Phú Lộc),48,high_water_p90,0.13728151944711067,766,-0.11891066074000328,760
rain,677851,TT Sịa (Quảng Điền),0,all,0.09737054824586633,7667,0.02890671894897945,7661
rain,677851,TT Sịa (Quảng Điền),0,high_water_p90,0.06677880142459443,766,-0.03822605315079252,760
rain,677851,TT Sịa (Quảng Điền),1,all,0.10643562128668337,7667,0.04640090592244422,7661
rain,677851,TT Sịa (Quảng Điền),1,high_water_p90,0.08403047253042518,766,-0.009195533843637074,760
rain,677851,TT Sịa (Quảng Điền),2,all,0.11348935625869348,7667,0.061686401758387036,7661
rain,677851,TT Sịa (Quảng Điền),2,high_water_p90,0.08127654814010797,766,0.0374780981572698,760
rain,677851,TT Sịa (Quảng Điền),3,all,0.11966259292509923,7667,0.07384782025652706,7661
rain,677851,TT Sịa (Quảng Điền),3,high_water_p90,0.09979834376972259,766,0.08942786473870945,760
rain,677851,TT Sịa (Quảng Điền),6,all,0.12609359836057538,7667,0.05690029999417003,7661
rain,677851,TT Sịa (Quảng Điền),6,high_water_p90,0.12682009550485313,766,0.09603136146698901,760
rain,677851,TT Sịa (Quảng Điền),12,all,0.11597555287395485,7667,-0.01876100377812459,7661
rain,677851,TT Sịa (Quảng Điền),12,high_water_p90,0.09556954800894396,766,-0.0637625816268448,760
rain,677851,TT Sịa (Quảng Điền),24,all,0.13992332370431104,7667,0.010336331301805526,7661
rain,677851,TT Sịa (Quảng Điền),24,high_water_p90,0.18979399560486165,766,0.07266280787576096,760
rain,677851,TT Sịa (Quảng Điền),48,all,0.10777642838224319,7667,-0.047365339057387094,7661
rain,677851,TT Sịa (Quảng Điền),48,high_water_p90,0.13590991265797867,766,-0.08669440136801777,760
rain,678628,Tà Lương (A Lưới),0,all,0.29187354225288026,7667,0.08831965083439322,7661
rain,678628,Tà Lương (A Lưới),0,high_water_p90,0.32172261864111934,766,0.12217986339929289,760
rain,678628,Tà Lương (A Lưới),1,all,0.301255505593332,7667,0.09171885477892765,7661
rain,678628,Tà Lương (A Lưới),1,high_water_p90,0.32868257337755125,766,0.1216706396577342,760
rain,678628,Tà Lương (A Lưới),2,all,0.3126064357402391,7667,0.09882531569862671,7661
rain,678628,Tà Lương (A Lưới),2,high_water_p90,0.35115887500463083,766,0.12264702568912322,760
rain,678628,Tà Lương (A Lưới),3,all,0.32408713126986344,7667,0.10671039590879952,7661
rain,678628,Tà Lương (A Lưới),3,high_water_p90,0.3387306222245505,766,0.11599411915849009,760
rain,678628,Tà Lương (A Lưới),6,all,0.35631521233017255,7667,0.1265833568212885,7661
rain,678628,Tà Lương (A Lưới),6,high_water_p90,0.41229265733373344,766,0.13550533771774334,760
rain,678628,Tà Lương (A Lưới),12,all,0.38264791850364777,7667,0.052263071921834596,7661
rain,678628,Tà Lương (A Lưới),12,high_water_p90,0.5474352598738731,766,0.1082598902787473,760
rain,678628,Tà Lương (A Lưới),24,all,0.35761339389755115,7667,-0.08302379663075057,7661
rain,678628,Tà Lương (A Lưới),24,high_water_p90,0.4947440154673362,766,-0.23692151774771622,760
rain,678628,Tà Lương (A Lưới),48,all,0.21780509488471986,7667,-0.06440387539936872,7661
rain,678628,Tà Lương (A Lưới),48,high_water_p90,0.23174827097928793,766,-0.1633471347968277,760
rain,681524,Hồ Thọ Sơn (Hương Trà),0,all,0.10430102527406614,7667,0.023903018831561287,7661
rain,681524,Hồ Thọ Sơn (Hương Trà),0,high_water_p90,0.0803798129655019,766,0.012503006543444658,760
rain,681524,Hồ Thọ Sơn (Hương Trà),1,all,0.11561007356344609,7667,0.04678055094775957,7661
rain,681524,Hồ Thọ Sơn (Hương Trà),1,high_water_p90,0.09545085673527713,766,0.05506441782829247,760
rain,681524,Hồ Thọ Sơn (Hương Trà),2,all,0.12514948418859842,7667,0.06939526002894991,7661
rain,681524,Hồ Thọ Sơn (Hương Trà),2,high_water_p90,0.10138311349069613,766,0.10543208361367819,760
rain,681524,Hồ Thọ Sơn (Hương Trà),3,all,0.13263050653129424,7667,0.08735265031309573,7661
rain,681524,Hồ Thọ Sơn (Hương Trà),3,high_water_p90,0.12202335506265835,766,0.15433939803316393,760
rain,681524,Hồ Thọ Sơn (Hương Trà),6,all,0.14394824340111462,7667,0.07822770799459718,7661
rain,681524,Hồ Thọ Sơn (Hương Trà),6,high_water_p90,0.12367845854167342,766,0.12001315913948592,760
rain,681524,Hồ Thọ Sơn (Hương Trà),12,all,0.1330340329146457,7667,-0.020264545236547,7661
rain,681524,Hồ Thọ Sơn (Hương Trà),12,high_water_p90,0.1439456463567677,766,-0.035475801904659404,760
rain,681524,Hồ Thọ Sơn (Hương Trà),24,all,0.1505168332998489,7667,-0.015032909606660915,7661
rain,681524,Hồ Thọ Sơn (Hương Trà),24,high_water_p90,0.2919712123702444,766,0.07081368530032768,760
rain,681524,Hồ Thọ Sơn (Hương Trà),48,all,0.11324548126567995,7667,-0.0620212503311492,7661
rain,681524,Hồ Thọ Sơn (Hương Trà),48,high_water_p90,0.17358180208467808,766,-0.12822700161349682,760
rain,682816,Hồ Hòa Mỹ (Phong Điền),0,all,0.17252433188092503,7661,0.0713866360273051,7655
rain,682816,Hồ Hòa Mỹ (Phong Điền),0,high_water_p90,0.2144524979553363,766,0.15067896918362764,760
rain,682816,Hồ Hòa Mỹ (Phong Điền),1,all,0.1824954811846294,7661,0.0806391429527161,7655
rain,682816,Hồ Hòa Mỹ (Phong Điền),1,high_water_p90,0.25532931563073336,766,0.18010054848680726,760
rain,682816,Hồ Hòa Mỹ (Phong Điền),2,all,0.19171489595125477,7661,0.08901363068059291,7655
rain,682816,Hồ Hòa Mỹ (Phong Điền),2,high_water_p90,0.2635078882677092,766,0.2138647561186686,760
rain,682816,Hồ Hòa Mỹ (Phong Điền),3,all,0.19820502037443943,7661,0.09234917570697679,7655
rain,682816,Hồ Hòa Mỹ (Phong Điền),3,high_water_p90,0.2555905618567211,766,0.20778178157314342,760
rain,682816,Hồ Hòa Mỹ (Phong Điền),6,all,0.21405932058291488,7661,0.0820242087200277,7655
rain,682816,Hồ Hòa Mỹ (Phong Điền),6,high_water_p90,0.27135389126370246,766,0.1284718899508877,760
rain,682816,Hồ Hòa Mỹ (Phong Điền),12,all,0.2092265498528017,7661,-0.00831340784530092,7655
rain,682816,Hồ Hòa Mỹ (Phong Điền),12,high_water_p90,0.27065781759517005,766,-0.04025343540413731,760
rain,682816,Hồ Hòa Mỹ (Phong Điền),24,all,0.19724268829402838,7661,-0.03601633771959959,7655
rain,682816,Hồ Hòa Mỹ (Phong Điền),24,high_water_p90,0.36504129976837424,766,-0.07798798763309117,760
rain,682816,Hồ Hòa Mỹ (Phong Điền),48,all,0.129529353961299,7661,-0.031514952067848864,7655
rain,682816,Hồ Hòa Mỹ (Phong Điền),48,high_water_p90,0.17507893271888003,766,-0.06532823233652194,760
rain,750001,TT Phú Đa (Phú Vang),0,all,0.058868247254039094,7422,0.01620682642323622,7416
rain,750001,TT Phú Đa (Phú Vang),0,high_water_p90,0.005270415123861856,765,-0.029776824710922502,759
rain,750001,TT Phú Đa (Phú Vang),1,all,0.07085649750638819,7422,0.04051916495282527,7416
rain,750001,TT Phú Đa (Phú Vang),1,high_water_p90,0.02732919923700732,765,0.002917094485878945,759
rain,750001,TT Phú Đa (Phú Vang),2,all,0.08350617436902155,7422,0.06627019794813721,7416
rain,750001,TT Phú Đa (Phú Vang),2,high_water_p90,0.03156074337456587,765,0.06084070134983118,759
rain,750001,TT Phú Đa (Phú Vang),3,all,0.09471200324584542,7422,0.08868232652266429,7416
rain,750001,TT Phú Đa (Phú Vang),3,high_water_p90,0.04337337778146545,765,0.1215499129093172,759
rain,750001,TT Phú Đa (Phú Vang),6,all,0.11026311131799257,7422,0.10062829869338034,7416
rain,750001,TT Phú Đa (Phú Vang),6,high_water_p90,0.05358609359942981,765,0.17016150217584186,759
rain,750001,TT Phú Đa (Phú Vang),12,all,0.08976823761186603,7422,-0.038912558769946974,7416
rain,750001,TT Phú Đa (Phú Vang),12,high_water_p90,0.05671308234021446,765,-0.09358387959315474,759
rain,750001,TT Phú Đa (Phú Vang),24,all,0.10803402124267072,7422,0.00716736361759288,7416
rain,750001,TT Phú Đa (Phú Vang),24,high_water_p90,0.12308888505721505,765,0.041705237664637886,759
rain,750001,TT Phú Đa (Phú Vang),48,all,0.0872279907141486,7422,-0.043637392277495864,7416
rain,750001,TT Phú Đa (Phú Vang),48,high_water_p90,0.12094629773555671,765,-0.10479364181376513,759
rain,750002,Hồ Mỹ Xuyên (Phong Điền),0,all,0.09275392554699756,7667,0.002012577428625391,7661
rain,750002,Hồ Mỹ Xuyên (Phong Điền),0,high_water_p90,0.05141873497152708,766,-0.03768112291939921,760
rain,750002,Hồ Mỹ Xuyên (Phong Điền),1,all,0.0995298554423335,7667,0.017072104019932113,7661
rain,750002,Hồ Mỹ Xuyên (Phong Điền),1,high_water_p90,0.05557432930964835,766,0.0037172432403452032,760
rain,750002,Hồ Mỹ Xuyên (Phong Điền),2,all,0.10706148822603032,7667,0.0361803442691297,7661
rain,750002,Hồ Mỹ Xuyên (Phong Điền),2,high_water_p90,0.06711773533928725,766,0.047037865683634356,760
rain,750002,Hồ Mỹ Xuyên (Phong Điền),3,all,0.11054241902934062,7667,0.04755650040178371,7661
rain,750002,Hồ Mỹ Xuyên (Phong Điền),3,high_water_p90,0.07406630834161097,766,0.07123262472308073,760
rain,750002,Hồ Mỹ Xuyên (Phong Điền),6,all,0.11681229756193857,7667,0.04768261642290766,7661
rain,750002,Hồ Mỹ Xuyên (Phong Điền),6,high_water_p90,0.08965299071632549,766,0.0664373702539892,760
rain,750002,Hồ Mỹ Xuyên (Phong Điền),12,all,0.11240384265559933,7667,-0.0077697950340862194,7661
rain,750002,Hồ Mỹ Xuyên (Phong Điền),12,high_water_p90,0.09173230587803534,766,-0.012186918762249265,760
rain,750002,Hồ Mỹ Xuyên (Phong Điền),24,all,0.10815873186608085,7667,-0.038416769325799086,7661
rain,750002,Hồ Mỹ Xuyên (Phong Điền),24,high_water_p90,0.20173140880732368,766,-0.030974382457128826,760
rain,750002,Hồ Mỹ Xuyên (Phong Điền),48,all,0.07865986684972086,7667,-0.04757815242252324,7661
rain,750002,Hồ Mỹ Xuyên (Phong Điền),48,high_water_p90,0.16291938109089665,766,-0.04514738845717888,760
rain,750003,Thị trấn A Lưới (A Lưới),0,all,0.26476093829227626,7649,0.08424636401404778,7643
rain,750003,Thị trấn A Lưới (A Lưới),0,high_water_p90,0.24433353770931443,766,0.10388534715543488,760
rain,750003,Thị trấn A Lưới (A Lưới),1,all,0.27176070915223755,7649,0.080560336305905,7643
rain,750003,Thị trấn A Lưới (A Lưới),1,high_water_p90,0.25823471224918154,766,0.09089340985249604,760
rain,750003,Thị trấn A Lưới (A Lưới),2,all,0.28037431843610067,7649,0.08133066093378184,7643
rain,750003,Thị trấn A Lưới (A Lưới),2,high_water_p90,0.27029256875465246,765,0.07994813382459437,759
rain,750003,Thị trấn A Lưới (A Lưới),3,all,0.29015393266801226,7649,0.0854768460809039,7643
rain,750003,Thị trấn A Lưới (A Lưới),3,high_water_p90,0.27626855012526147,764,0.07610559292273035,758
rain,750003,Thị trấn A Lưới (A Lưới),6,all,0.3200963651282466,7649,0.10886989490023609,7643
rain,750003,Thị trấn A Lưới (A Lưới),6,high_water_p90,0.32433782799481903,761,0.11704186006865754,755
rain,750003,Thị trấn A Lưới (A Lưới),12,all,0.38206711142313565,7649,0.12205924936353701,7643
rain,750003,Thị trấn A Lưới (A Lưới),12,high_water_p90,0.4555787690477949,761,0.20801256949330252,755
rain,750003,Thị trấn A Lưới (A Lưới),24,all,0.3918283407655852,7649,-0.06166809559696688,7643
rain,750003,Thị trấn A Lưới (A Lưới),24,high_water_p90,0.462214369582873,766,-0.1707329245984153,760
rain,750003,Thị trấn A Lưới (A Lưới),48,all,0.20504865149598905,7649,-0.12661585882337914,7643
rain,750003,Thị trấn A Lưới (A Lưới),48,high_water_p90,0.19883923563636877,766,-0.2734437666038168,760
rain,750005,Hồng Vân (A Lưới),0,all,0.2820445216220881,7667,0.08727301367109264,7661
rain,750005,Hồng Vân (A Lưới),0,high_water_p90,0.2665491943357486,766,0.10703704899150138,760
rain,750005,Hồng Vân (A Lưới),1,all,0.28921264764378535,7667,0.08410379894938819,7661
rain,750005,Hồng Vân (A Lưới),1,high_water_p90,0.2741656678936854,766,0.09307487500268469,760
rain,750005,Hồng Vân (A Lưới),2,all,0.2973771431794188,7667,0.08377339455107348,7661
rain,750005,Hồng Vân (A Lưới),2,high_water_p90,0.28621265902402515,766,0.07628668854831924,760
rain,750005,Hồng Vân (A Lưới),3,all,0.30633340326129566,7667,0.08626263669074151,7661
rain,750005,Hồng Vân (A Lưới),3,high_water_p90,0.2927216568267648,766,0.062202614748006924,760
rain,750005,Hồng Vân (A Lưới),6,all,0.33488493414635184,7667,0.1039511798858584,7661
rain,750005,Hồng Vân (A Lưới),6,high_water_p90,0.34571960036601296,766,0.0952180981084718,760
rain,750005,Hồng Vân (A Lưới),12,all,0.34942221327700806,7667,0.0292953301612567,7661
rain,750005,Hồng Vân (A Lưới),12,high_water_p90,0.393864614461636,766,-0.000984229466135317,760
rain,750005,Hồng Vân (A Lưới),24,all,0.3025599159566661,7667,-0.08762256764295129,7661
rain,750005,Hồng Vân (A Lưới),24,high_water_p90,0.34479880572321503,766,-0.2373120889008021,760
rain,750005,Hồng Vân (A Lưới),48,all,0.18085037673946663,7667,-0.03833499100258784,7661
rain,750005,Hồng Vân (A Lưới),48,high_water_p90,0.18036780950568557,766,-0.06587761224631003,760
rain,750006,Hương Nguyên (A Lưới),0,all,0.2738361220470899,7586,0.019777215964548886,7580
rain,750006,Hương Nguyên (A Lưới),0,high_water_p90,0.5497249463262336,753,-0.002903856794440596,747
rain,750006,Hương Nguyên (A Lưới),1,all,0.2765776989444171,7586,0.02187530278425829,7580
rain,750006,Hương Nguyên (A Lưới),1,high_water_p90,0.5312012850928355,753,-0.0318741864683906,747
rain,750006,Hương Nguyên (A Lưới),2,all,0.2790612760373019,7586,0.022403847022155008,7580
rain,750006,Hương Nguyên (A Lưới),2,high_water_p90,0.5422001910490487,754,-0.04926003549987527,748
rain,750006,Hương Nguyên (A Lưới),3,all,0.28199052881898445,7586,0.024380719159547433,7580
rain,750006,Hương Nguyên (A Lưới),3,high_water_p90,0.5503574415767767,753,-0.050015325105916726,747
rain,750006,Hương Nguyên (A Lưới),6,all,0.28503731148369454,7586,0.023433831595985066,7580
rain,750006,Hương Nguyên (A Lưới),6,high_water_p90,0.49026504382456293,756,-0.07516160675868984,750
rain,750006,Hương Nguyên (A Lưới),12,all,0.25880643842237794,7586,-0.05219257755784849,7580
rain,750006,Hương Nguyên (A Lưới),12,high_water_p90,0.41541819133498686,755,-0.24977746492070943,749
rain,750006,Hương Nguyên (A Lưới),24,all,0.22964311952820168,7585,-0.029453414843871754,7580
rain,750006,Hương Nguyên (A Lưới),24,high_water_p90,0.4399265033416754,752,-0.14504752244063915,747
rain,750006,Hương Nguyên (A Lưới),48,all,0.17358771083497737,7585,-0.031412933517589135,7579
rain,750006,Hương Nguyên (A Lưới),48,high_water_p90,0.22782144821431696,756,-0.14010562581953,750
rain,750007,Nhâm (A Lưới),0,all,0.229596598332766,7667,0.10363600342911775,7661
rain,750007,Nhâm (A Lưới),0,high_water_p90,0.18941814232822624,766,0.1434832185894102,760
rain,750007,Nhâm (A Lưới),1,all,0.23512859553746,7667,0.09137168016252302,7661
rain,750007,Nhâm (A Lưới),1,high_water_p90,0.20463700598234572,766,0.12493443204520978,760
rain,750007,Nhâm (A Lưới),2,all,0.24174467199297556,7667,0.0833996361724012,7661
rain,750007,Nhâm (A Lưới),2,high_water_p90,0.21504270531642103,766,0.10477272697912562,760
rain,750007,Nhâm (A Lưới),3,all,0.2501519793897431,7667,0.08062482095912732,7661
rain,750007,Nhâm (A Lưới),3,high_water_p90,0.21992151731910356,766,0.09366218156389487,760
rain,750007,Nhâm (A Lưới),6,all,0.27929156996066584,7667,0.0977738343905028,7661
rain,750007,Nhâm (A Lưới),6,high_water_p90,0.28020282340629515,766,0.11696093977624752,760
rain,750007,Nhâm (A Lưới),12,all,0.3551656683698157,7667,0.14877001766465123,7661
rain,750007,Nhâm (A Lưới),12,high_water_p90,0.4044064029583503,766,0.23732113600720783,760
rain,750007,Nhâm (A Lưới),24,all,0.3640310869192395,7667,-0.047122534735701674,7661
rain,750007,Nhâm (A Lưới),24,high_water_p90,0.419965044965063,766,-0.14505313017000115,760
rain,750007,Nhâm (A Lưới),48,all,0.17672357548319362,7667,-0.1184235057502865,7661
rain,750007,Nhâm (A Lưới),48,high_water_p90,0.14266152900102771,766,-0.2597577830397067,760
rain,750008,A Đớt (A Lưới),0,all,0.279623161129972,7667,0.07937871003695339,7661
rain,750008,A Đớt (A Lưới),0,high_water_p90,0.2855284284589018,766,0.0798454991837976,760
rain,750008,A Đớt (A Lưới),1,all,0.28717587905625525,7667,0.0797119215539497,7661
rain,750008,A Đớt (A Lưới),1,high_water_p90,0.2998376185404383,766,0.07146180388231352,760
rain,750008,A Đớt (A Lưới),2,all,0.2929579205348642,7667,0.07756580250642292,7661
rain,750008,A Đớt (A Lưới),2,high_water_p90,0.3105778644199584,766,0.06496223200666205,760
rain,750008,A Đớt (A Lưới),3,all,0.29767083878719774,7667,0.07394402085103308,7661
rain,750008,A Đớt (A Lưới),3,high_water_p90,0.3108490567213695,766,0.048286420151086015,760
rain,750008,A Đớt (A Lưới),6,all,0.3091964037324584,7667,0.05841553931068187,7661
rain,750008,A Đớt (A Lưới),6,high_water_p90,0.30414468035145836,766,-0.009737457869569905,760
rain,750008,A Đớt (A Lưới),12,all,0.3015251503872412,7667,-0.013799378786235425,7661
rain,750008,A Đớt (A Lưới),12,high_water_p90,0.29447761285432744,766,-0.13946961025469287,760
rain,750008,A Đớt (A Lưới),24,all,0.2608297515650333,7667,-0.02239838332992493,7661
rain,750008,A Đớt (A Lưới),24,high_water_p90,0.2583722397570036,766,-0.11878450552037159,760
rain,750008,A Đớt (A Lưới),48,all,0.16722783098432695,7667,-0.02584827664723221,7661
rain,750008,A Đớt (A Lưới),48,high_water_p90,0.11668140037169294,766,-0.07949700549183823,760
rain,750009,Lộc Tiến (Phú Lộc),0,all,0.11437189324392535,7427,0.034444655080257,7421
rain,750009,Lộc Tiến (Phú Lộc),0,high_water_p90,0.08774237716846489,756,-0.027601262283868243,750
rain,750009,Lộc Tiến (Phú Lộc),1,all,0.11480376004315714,7427,0.01970747248100038,7421
rain,750009,Lộc Tiến (Phú Lộc),1,high_water_p90,0.08520988121163998,756,-0.052772364932167,750
rain,750009,Lộc Tiến (Phú Lộc),2,all,0.11705737002753785,7427,0.012951918550056231,7421
rain,750009,Lộc Tiến (Phú Lộc),2,high_water_p90,0.07905266106034194,756,-0.06740865104341377,750
rain,750009,Lộc Tiến (Phú Lộc),3,all,0.12171210701041144,7427,0.016723516698067275,7421
rain,750009,Lộc Tiến (Phú Lộc),3,high_water_p90,0.0708284346788256,755,-0.060288007554053134,749
rain,750009,Lộc Tiến (Phú Lộc),6,all,0.14610043040265852,7427,0.06268367392490984,7421
rain,750009,Lộc Tiến (Phú Lộc),6,high_water_p90,0.05355459789536206,754,0.04115798513806169,748
rain,750009,Lộc Tiến (Phú Lộc),12,all,0.15150510645084694,7427,0.01142161922183242,7421
rain,750009,Lộc Tiến (Phú Lộc),12,high_water_p90,0.057852218810648434,754,-0.033918767825727614,748
rain,750009,Lộc Tiến (Phú Lộc),24,all,0.16191909150416,7427,0.0400495448434511,7421
rain,750009,Lộc Tiến (Phú Lộc),24,high_water_p90,0.08424180743359047,748,0.04138782016399522,742
rain,750009,Lộc Tiến (Phú Lộc),48,all,0.12272447512871099,7427,0.010853232718316513,7421
rain,750009,Lộc Tiến (Phú Lộc),48,high_water_p90,0.02461216319464095,752,0.00285313881217886,746
rain,750010,Giang Hải (Phú Lộc),0,all,0.08129468121620155,7667,0.034269253649112985,7661
rain,750010,Giang Hải (Phú Lộc),0,high_water_p90,0.07152691764644874,766,0.005475159777231607,760
rain,750010,Giang Hải (Phú Lộc),1,all,0.08640006645568318,7667,0.03727466472809565,7661
rain,750010,Giang Hải (Phú Lộc),1,high_water_p90,0.07799209601106248,766,-0.002463085890221646,760
rain,750010,Giang Hải (Phú Lộc),2,all,0.09226740927535991,7667,0.042918812946562274,7661
rain,750010,Giang Hải (Phú Lộc),2,high_water_p90,0.08039281405616358,766,0.00010756869924197397,760
rain,750010,Giang Hải (Phú Lộc),3,all,0.09848240655845883,7667,0.050037730405014386,7661
rain,750010,Giang Hải (Phú Lộc),3,high_water_p90,0.05201857364892882,766,0.01962717803184139,760
rain,750010,Giang Hải (Phú Lộc),6,all,0.10952968628868934,7667,0.05535469969171925,7661
rain,750010,Giang Hải (Phú Lộc),6,high_water_p90,0.06076737389477511,766,0.03701732739371093,760
rain,750010,Giang Hải (Phú Lộc),12,all,0.1045775626021693,7667,-0.008789133608845985,7661
rain,750010,Giang Hải (Phú Lộc),12,high_water_p90,0.0441937088369115,766,-0.07751710015235254,760
rain,750010,Giang Hải (Phú Lộc),24,all,0.11073513177186166,7667,0.02930176382066661,7661
rain,750010,Giang Hải (Phú Lộc),24,high_water_p90,0.09236421457062483,766,0.07885580919358953,760
rain,750010,Giang Hải (Phú Lộc),48,all,0.09236490996114768,7667,0.002025196525356515,7661
rain,750010,Giang Hải (Phú Lộc),48,high_water_p90,0.04656777057075468,766,0.005747162515234247,760
rain,750011,Hồ A Lá (A Lưới),0,all,0.27467551138735213,7667,0.09617913813831001,7661
rain,750011,Hồ A Lá (A Lưới),0,high_water_p90,0.2523316372546462,766,0.12268677608545285,760
rain,750011,Hồ A Lá (A Lưới),1,all,0.2803172522295804,7667,0.08658790509413504,7661
rain,750011,Hồ A Lá (A Lưới),1,high_water_p90,0.26788172590975773,766,0.10125035886348331,760
rain,750011,Hồ A Lá (A Lưới),2,all,0.28748942886204726,7667,0.08069917004394234,7661
rain,750011,Hồ A Lá (A Lưới),2,high_water_p90,0.28206740099425015,766,0.07929925034612627,760
rain,750011,Hồ A Lá (A Lưới),3,all,0.2957866557943189,7667,0.07957585893613726,7661
rain,750011,Hồ A Lá (A Lưới),3,high_water_p90,0.28555909412381925,766,0.06758593337622765,760
rain,750011,Hồ A Lá (A Lưới),6,all,0.321645397366343,7667,0.09250708978107128,7661
rain,750011,Hồ A Lá (A Lưới),6,high_water_p90,0.3301685318853265,766,0.097814777454719,760
rain,750011,Hồ A Lá (A Lưới),12,all,0.38755389049429895,7667,0.1293481776238899,7661
rain,750011,Hồ A Lá (A Lưới),12,high_water_p90,0.4548346936772908,766,0.2156516655361305,760
rain,750011,Hồ A Lá (A Lưới),24,all,0.39992898242021685,7667,-0.05813859254627063,7661
rain,750011,Hồ A Lá (A Lưới),24,high_water_p90,0.4651183104351575,766,-0.16762286352277633,760
rain,750011,Hồ A Lá (A Lưới),48,all,0.21050947196782266,7667,-0.13412455138936985,7661
rain,750011,Hồ A Lá (A Lưới),48,high_water_p90,0.1943910262706752,766,-0.29990331140025533,760
rain,750012,"Đập, Thủy điện Thượng Nhật (Phú Lộc)",0,all,0.29005352388598665,7306,0.03139278289249492,7300
rain,750012,"Đập, Thủy điện Thượng Nhật (Phú Lộc)",0,high_water_p90,0.3126366420689088,620,0.014287092796435684,614
rain,750012,"Đập, Thủy điện Thượng Nhật (Phú Lộc)",1,all,0.2913165140454438,7306,0.018032509651198365,7300
rain,750012,"Đập, Thủy điện Thượng Nhật (Phú Lộc)",1,high_water_p90,0.31456134142125597,621,-0.011999217530700613,615
rain,750012,"Đập, Thủy điện Thượng Nhật (Phú Lộc)",2,all,0.2949167536549858,7306,0.013010692673078953,7300
rain,750012,"Đập, Thủy điện Thượng Nhật (Phú Lộc)",2,high_water_p90,0.31304496141203203,622,-0.02175639433674071,616
rain,750012,"Đập, Thủy điện Thượng Nhật (Phú Lộc)",3,all,0.30208087161997677,7306,0.022192929106095872,7300
rain,750012,"Đập, Thủy điện Thượng Nhật (Phú Lộc)",3,high_water_p90,0.3396956591567624,623,-0.009143694814515472,617
rain,750012,"Đập, Thủy điện Thượng Nhật (Phú Lộc)",6,all,0.32895052741428643,7306,0.08033535372870285,7300
rain,750012,"Đập, Thủy điện Thượng Nhật (Phú Lộc)",6,high_water_p90,0.29822930231551303,625,0.05323566698073823,619
rain,750012,"Đập, Thủy điện Thượng Nhật (Phú Lộc)",12,all,0.31764629019647844,7306,-0.02173463058387331,7300
rain,750012,"Đập, Thủy điện Thượng Nhật (Phú Lộc)",12,high_water_p90,0.27695008882598016,627,-0.15233091495129467,621
rain,750012,"Đập, Thủy điện Thượng Nhật (Phú Lộc)",24,all,0.29603811186935786,7306,-0.02663647481885325,7300
rain,750012,"Đập, Thủy điện Thượng Nhật (Phú Lộc)",24,high_water_p90,0.23328517505280347,638,-0.14034732009336892,632
rain,750012,"Đập, Thủy điện Thượng Nhật (Phú Lộc)",48,all,0.20613657458538856,7306,-0.03974144799063371,7300
rain,750012,"Đập, Thủy điện Thượng Nhật (Phú Lộc)",48,high_water_p90,0.12061006300013474,651,-0.11709837840453982,645
rain,750013,Lưu vực Thủy điện Thượng Nhật (Phú Lộc),0,all,0.13190071052043956,6636,-0.009000229171618265,6630
rain,750013,Lưu vực Thủy điện Thượng Nhật (Phú Lộc),0,high_water_p90,0.08357101520838507,318,-0.1428901756031549,312
rain,750013,Lưu vực Thủy điện Thượng Nhật (Phú Lộc),1,all,0.13247030356607556,6636,-0.0007827357684129679,6630
rain,750013,Lưu vực Thủy điện Thượng Nhật (Phú Lộc),1,high_water_p90,0.06778479858823042,319,-0.1474174880634017,313
rain,750013,Lưu vực Thủy điện Thượng Nhật (Phú Lộc),2,all,0.13396412789441306,6636,0.009003040333217267,6630
rain,750013,Lưu vực Thủy điện Thượng Nhật (Phú Lộc),2,high_water_p90,0.05411718361037246,320,-0.14862210954719599,314
rain,750013,Lưu vực Thủy điện Thượng Nhật (Phú Lộc),3,all,0.13558658091022163,6636,0.019206411663712227,6630
rain,750013,Lưu vực Thủy điện Thượng Nhật (Phú Lộc),3,high_water_p90,0.048294883939484,321,-0.15472031700645753,315
rain,750013,Lưu vực Thủy điện Thượng Nhật (Phú Lộc),6,all,0.13774843780070806,6636,0.035862630441858764,6630
rain,750013,Lưu vực Thủy điện Thượng Nhật (Phú Lộc),6,high_water_p90,0.020078305258775946,324,-0.19332090903670698,318
rain,750013,Lưu vực Thủy điện Thượng Nhật (Phú Lộc),12,all,0.11002855075867299,6636,-0.022654764093393752,6630
rain,750013,Lưu vực Thủy điện Thượng Nhật (Phú Lộc),12,high_water_p90,-0.03804374573754224,330,-0.25419345847381297,324
rain,750013,Lưu vực Thủy điện Thượng Nhật (Phú Lộc),24,all,0.04976907530276116,6636,-0.0424353622201889,6630
rain,750013,Lưu vực Thủy điện Thượng Nhật (Phú Lộc),24,high_water_p90,-0.12739857624928255,342,-0.20589655614894437,336
rain,750013,Lưu vực Thủy điện Thượng Nhật (Phú Lộc),48,all,0.0022086205234445027,6636,-0.03872697811941053,6630
rain,750013,Lưu vực Thủy điện Thượng Nhật (Phú Lộc),48,high_water_p90,-0.20107706920946847,366,0.045388378012706544,360
rain,750014,Hồ chứa nước Phú Bài (Hương Thủy),0,all,0.13189377403101152,7543,0.07131986226010449,7537
rain,750014,Hồ chứa nước Phú Bài (Hương Thủy),0,high_water_p90,0.12710522409413513,766,0.096393184100891,760
rain,750014,Hồ chứa nước Phú Bài (Hương Thủy),1,all,0.1438900272026835,7543,0.08585802244318617,7537
rain,750014,Hồ chứa nước Phú Bài (Hương Thủy),1,high_water_p90,0.16867222217854044,766,0.12270021949558653,760
rain,750014,Hồ chứa nước Phú Bài (Hương Thủy),2,all,0.15497159062426774,7543,0.09813527489504212,7537
rain,750014,Hồ chứa nước Phú Bài (Hương Thủy),2,high_water_p90,0.1816032150634894,766,0.15464868203564222,760
rain,750014,Hồ chứa nước Phú Bài (Hương Thủy),3,all,0.16490570848066546,7543,0.10776051991059167,7537
rain,750014,Hồ chứa nước Phú Bài (Hương Thủy),3,high_water_p90,0.19227935682543904,766,0.18920556339201156,760
rain,750014,Hồ chứa nước Phú Bài (Hương Thủy),6,all,0.178257696437114,7543,0.09105343456837359,7537
rain,750014,Hồ chứa nước Phú Bài (Hương Thủy),6,high_water_p90,0.19918149114496603,766,0.1577121738182371,760
rain,750014,Hồ chứa nước Phú Bài (Hương Thủy),12,all,0.17121339264620464,7543,-0.012933447161166997,7537
rain,750014,Hồ chứa nước Phú Bài (Hương Thủy),12,high_water_p90,0.203745963481985,766,-0.0866762413012998,760
rain,750014,Hồ chứa nước Phú Bài (Hương Thủy),24,all,0.16328097387139437,7543,0.0029077629988984014,7537
rain,750014,Hồ chứa nước Phú Bài (Hương Thủy),24,high_water_p90,0.22711283484313236,766,0.01091798979783493,760
rain,750014,Hồ chứa nước Phú Bài (Hương Thủy),48,all,0.11577174987414218,7543,-0.018285906017830842,7537
rain,750014,Hồ chứa nước Phú Bài (Hương Thủy),48,high_water_p90,0.17531054747616873,766,-0.022315394449539415,760
rain,750015,Hồ Tà Rinh (Phú Lộc),0,all,0.2400583868066805,7567,0.020197268794241774,7561
rain,750015,Hồ Tà Rinh (Phú Lộc),0,high_water_p90,0.35809915163224043,724,0.036786657160161246,718
rain,750015,Hồ Tà Rinh (Phú Lộc),1,all,0.2427094724121323,7567,0.016560266315510795,7561
rain,750015,Hồ Tà Rinh (Phú Lộc),1,high_water_p90,0.3418319361403341,725,0.013965462025139017,719
rain,750015,Hồ Tà Rinh (Phú Lộc),2,all,0.24817010525591576,7567,0.02040996060449909,7561
rain,750015,Hồ Tà Rinh (Phú Lộc),2,high_water_p90,0.3431463054152417,726,0.009171824080295436,720
rain,750015,Hồ Tà Rinh (Phú Lộc),3,all,0.2560753233184778,7567,0.03319638840907363,7561
rain,750015,Hồ Tà Rinh (Phú Lộc),3,high_water_p90,0.3518394599967064,727,0.031191358313799537,721
rain,750015,Hồ Tà Rinh (Phú Lộc),6,all,0.27970482306805844,7567,0.0790194307642208,7561
rain,750015,Hồ Tà Rinh (Phú Lộc),6,high_water_p90,0.2860967923407377,730,0.05671043175631017,724
rain,750015,Hồ Tà Rinh (Phú Lộc),12,all,0.2665714906934723,7567,-0.02475356173383946,7561
rain,750015,Hồ Tà Rinh (Phú Lộc),12,high_water_p90,0.28147896244455956,733,-0.13442337856232597,727
rain,750015,Hồ Tà Rinh (Phú Lộc),24,all,0.24915612050155542,7567,-0.019500658389807694,7561
rain,750015,Hồ Tà Rinh (Phú Lộc),24,high_water_p90,0.2655863719031249,747,-0.09994478443171657,741
rain,750015,Hồ Tà Rinh (Phú Lộc),48,all,0.18125248718381237,7567,-0.0326830198730846,7561
rain,750015,Hồ Tà Rinh (Phú Lộc),48,high_water_p90,0.13986468305699884,760,-0.11841193407250061,754
rain,750016,Trạm bơm Sơn Bổn,0,all,0.07966995349348653,7663,0.05356795964578016,7657
rain,750016,Trạm bơm Sơn Bổn,0,high_water_p90,0.03626003591842537,766,0.06112421400700406,760
rain,750016,Trạm bơm Sơn Bổn,1,all,0.09097016287816323,7663,0.07230733091143246,7657
rain,750016,Trạm bơm Sơn Bổn,1,high_water_p90,0.05457069978905634,766,0.08626253832224777,760
rain,750016,Trạm bơm Sơn Bổn,2,all,0.10118256099053911,7663,0.08748745510790189,7657
rain,750016,Trạm bơm Sơn Bổn,2,high_water_p90,0.06308408629213658,766,0.11892159878175164,760
rain,750016,Trạm bơm Sơn Bổn,3,all,0.10938066336062867,7663,0.0985820582511966,7657
rain,750016,Trạm bơm Sơn Bổn,3,high_water_p90,0.07533379222913318,766,0.15139243417733714,760
rain,750016,Trạm bơm Sơn Bổn,6,all,0.11847360783222496,7663,0.07650780923998154,7657
rain,750016,Trạm bơm Sơn Bổn,6,high_water_p90,0.07216863220160738,766,0.10070137582741097,760
rain,750016,Trạm bơm Sơn Bổn,12,all,0.10973884840168255,7663,-0.01613601415424731,7657
rain,750016,Trạm bơm Sơn Bổn,12,high_water_p90,0.08952512902139867,763,-0.04708249593219597,757
rain,750016,Trạm bơm Sơn Bổn,24,all,0.12194380291458877,7663,0.019304633969390684,7657
rain,750016,Trạm bơm Sơn Bổn,24,high_water_p90,0.17463399922167588,766,0.09202732049184377,760
rain,750016,Trạm bơm Sơn Bổn,48,all,0.09361708432749703,7663,-0.02489296931526937,7657
rain,750016,Trạm bơm Sơn Bổn,48,high_water_p90,0.14868748744252025,766,-0.04057510129096179,760
rain,750021,Đồn Biên phòng Lăng Cô (Phú Lộc),0,all,0.09150250117691267,7667,0.041163172548420585,7661
rain,750021,Đồn Biên phòng Lăng Cô (Phú Lộc),0,high_water_p90,0.08153983154464196,766,-0.012682621045593695,760
rain,750021,Đồn Biên phòng Lăng Cô (Phú Lộc),1,all,0.09544061625140574,7667,0.036360345764938,7661
rain,750021,Đồn Biên phòng Lăng Cô (Phú Lộc),1,high_water_p90,0.08751972413859263,766,0.0064628768942123355,760
rain,750021,Đồn Biên phòng Lăng Cô (Phú Lộc),2,all,0.10203795920543592,7667,0.03968700562492944,7661
rain,750021,Đồn Biên phòng Lăng Cô (Phú Lộc),2,high_water_p90,0.10013021521755683,766,0.02629434158408414,760
rain,750021,Đồn Biên phòng Lăng Cô (Phú Lộc),3,all,0.10980576202862358,7667,0.04816154847952909,7661
rain,750021,Đồn Biên phòng Lăng Cô (Phú Lộc),3,high_water_p90,0.10740191664325645,766,0.0636381327570419,760
rain,750021,Đồn Biên phòng Lăng Cô (Phú Lộc),6,all,0.14078775552513823,7667,0.09678790990355254,7661
rain,750021,Đồn Biên phòng Lăng Cô (Phú Lộc),6,high_water_p90,0.09537321468481606,766,0.16506505221125722,760
rain,750021,Đồn Biên phòng Lăng Cô (Phú Lộc),12,all,0.1598644503034716,7667,0.03813198321399091,7661
rain,750021,Đồn Biên phòng Lăng Cô (Phú Lộc),12,high_water_p90,0.0873102890735975,766,0.016752744851837014,760
rain,750021,Đồn Biên phòng Lăng Cô (Phú Lộc),24,all,0.15604520915984213,7667,0.02189889616084899,7661
rain,750021,Đồn Biên phòng Lăng Cô (Phú Lộc),24,high_water_p90,0.09817892813113444,766,0.01669701761302103,760
rain,750021,Đồn Biên phòng Lăng Cô (Phú Lộc),48,all,0.11232541674008222,7667,-0.008643057540080584,7661
rain,750021,Đồn Biên phòng Lăng Cô (Phú Lộc),48,high_water_p90,0.046494457206853315,766,-0.013036907708294874,760
rain,750022,Đồn Biên phòng Cảng Chân Mây (Phú Lộc),0,all,0.12366557359375317,7458,0.07320094787280594,7452
rain,750022,Đồn Biên phòng Cảng Chân Mây (Phú Lộc),0,high_water_p90,0.09303522317089222,766,0.06461900295161822,760
rain,750022,Đồn Biên phòng Cảng Chân Mây (Phú Lộc),1,all,0.1231185125131517,7458,0.04834419765735453,7452
rain,750022,Đồn Biên phòng Cảng Chân Mây (Phú Lộc),1,high_water_p90,0.0922941725854779,766,0.021582206880186437,760
rain,750022,Đồn Biên phòng Cảng Chân Mây (Phú Lộc),2,all,0.12220303201961022,7458,0.028729879158744483,7452
rain,750022,Đồn Biên phòng Cảng Chân Mây (Phú Lộc),2,high_water_p90,0.08753950897635042,766,-0.012987403513736562,760
rain,750022,Đồn Biên phòng Cảng Chân Mây (Phú Lộc),3,all,0.12147335559647,7458,0.014566906414989145,7452
rain,750022,Đồn Biên phòng Cảng Chân Mây (Phú Lộc),3,high_water_p90,0.07890024111180724,766,-0.04297757998082433,760
rain,750022,Đồn Biên phòng Cảng Chân Mây (Phú Lộc),6,all,0.12735288726215419,7458,0.0076840868423182305,7452
rain,750022,Đồn Biên phòng Cảng Chân Mây (Phú Lộc),6,high_water_p90,0.05105335685671979,765,-0.06356128182312744,759
rain,750022,Đồn Biên phòng Cảng Chân Mây (Phú Lộc),12,all,0.12959103654750917,7458,0.00504381378476588,7452
rain,750022,Đồn Biên phòng Cảng Chân Mây (Phú Lộc),12,high_water_p90,0.04508269795019905,765,-0.055592144549605094,759
rain,750022,Đồn Biên phòng Cảng Chân Mây (Phú Lộc),24,all,0.13194048851501877,7458,0.05507988215115719,7452
rain,750022,Đồn Biên phòng Cảng Chân Mây (Phú Lộc),24,high_water_p90,0.06376559706183783,765,0.060719256304791004,759
rain,750022,Đồn Biên phòng Cảng Chân Mây (Phú Lộc),48,all,0.09659995446404088,7458,0.04378254435560541,7452
rain,750022,Đồn Biên phòng Cảng Chân Mây (Phú Lộc),48,high_water_p90,0.02302144589391747,766,0.06172337764647987,760
rain,750023,Quảng Phú (Quảng Điền),0,all,0.0782096955567676,7576,0.0064519633841898785,7570
rain,750023,Quảng Phú (Quảng Điền),0,high_water_p90,0.049257872108637614,765,-0.05501117842983186,759
rain,750023,Quảng Phú (Quảng Điền),1,all,0.087722226926778,7576,0.02711830401550844,7570
rain,750023,Quảng Phú (Quảng Điền),1,high_water_p90,0.06284135128769255,764,-0.013226810973775389,758
rain,750023,Quảng Phú (Quảng Điền),2,all,0.09504523093891548,7576,0.046533757872033614,7570
rain,750023,Quảng Phú (Quảng Điền),2,high_water_p90,0.07333419609019931,764,0.04114182058843625,758
rain,750023,Quảng Phú (Quảng Điền),3,all,0.1017039331040489,7576,0.06421200700019844,7570
rain,750023,Quảng Phú (Quảng Điền),3,high_water_p90,0.09289465145371009,764,0.09920192829738353,758
rain,750023,Quảng Phú (Quảng Điền),6,all,0.10946416173826735,7576,0.061912690371699365,7570
rain,750023,Quảng Phú (Quảng Điền),6,high_water_p90,0.10103934327713239,764,0.09424998827832559,758
rain,750023,Quảng Phú (Quảng Điền),12,all,0.10064661767844854,7576,-0.016319930401633438,7570
rain,750023,Quảng Phú (Quảng Điền),12,high_water_p90,0.1010451041386312,764,-0.06352775855500115,758
rain,750023,Quảng Phú (Quảng Điền),24,all,0.12047335914896787,7576,-0.006665335302576224,7570
rain,750023,Quảng Phú (Quảng Điền),24,high_water_p90,0.22344617834192707,764,0.10942775671988143,758
rain,750023,Quảng Phú (Quảng Điền),48,all,0.09298857339014374,7576,-0.05691260663905353,7570
rain,750023,Quảng Phú (Quảng Điền),48,high_water_p90,0.15666904128467293,764,-0.09272677078099732,758
rain,750024,An Tây (Thuận Hóa),0,all,0.10793802355297057,7623,0.04055015279652972,7617
rain,750024,An Tây (Thuận Hóa),0,high_water_p90,0.07956338213454531,766,0.0369763649269334,760
rain,750024,An Tây (Thuận Hóa),1,all,0.12358339365940449,7623,0.06997351430730717,7617
rain,750024,An Tây (Thuận Hóa),1,high_water_p90,0.09473623858706726,766,0.08957173742851357,760
rain,750024,An Tây (Thuận Hóa),2,all,0.13644527762610606,7623,0.09485925086891075,7617
rain,750024,An Tây (Thuận Hóa),2,high_water_p90,0.1122493467258562,766,0.14251709125278983,760
rain,750024,An Tây (Thuận Hóa),3,all,0.1473992615443939,7623,0.1152622782674988,7617
rain,750024,An Tây (Thuận Hóa),3,high_water_p90,0.12273120134870692,766,0.18574560911699733,760
rain,750024,An Tây (Thuận Hóa),6,all,0.15988638451219683,7623,0.10217282371955758,7617
rain,750024,An Tây (Thuận Hóa),6,high_water_p90,0.12223331615941734,766,0.14448976468387834,760
rain,750024,An Tây (Thuận Hóa),12,all,0.13883028087995583,7623,-0.040026633007597144,7617
rain,750024,An Tây (Thuận Hóa),12,high_water_p90,0.1266192431962604,766,-0.08175490190618603,760
rain,750024,An Tây (Thuận Hóa),24,all,0.1598664015929155,7623,0.0030709715827194634,7617
rain,750024,An Tây (Thuận Hóa),24,high_water_p90,0.2418169549989801,763,0.07309415411238088,757
rain,750024,An Tây (Thuận Hóa),48,all,0.11731261023248402,7623,-0.05537178361496871,7617
rain,750024,An Tây (Thuận Hóa),48,high_water_p90,0.17119466593410296,760,-0.1285913080726804,754
rain,750025,Thị trấn Phong Điền (Phong Điền),0,all,0.10872474607621445,7614,0.026407476676262216,7608
rain,750025,Thị trấn Phong Điền (Phong Điền),0,high_water_p90,0.08359617621416432,766,0.011870272683821672,760
rain,750025,Thị trấn Phong Điền (Phong Điền),1,all,0.11673151275876967,7614,0.03984493598910295,7608
rain,750025,Thị trấn Phong Điền (Phong Điền),1,high_water_p90,0.10160525740546802,766,0.04961403514985393,760
rain,750025,Thị trấn Phong Điền (Phong Điền),2,all,0.12507717878490318,7614,0.05495540405609215,7608
rain,750025,Thị trấn Phong Điền (Phong Điền),2,high_water_p90,0.09866761713704515,766,0.10048355740835939,760
rain,750025,Thị trấn Phong Điền (Phong Điền),3,all,0.13008519746154124,7614,0.0656927427854104,7608
rain,750025,Thị trấn Phong Điền (Phong Điền),3,high_water_p90,0.08482567195256388,766,0.11561429498653136,760
rain,750025,Thị trấn Phong Điền (Phong Điền),6,all,0.1332648447740049,7614,0.04876675038357543,7608
rain,750025,Thị trấn Phong Điền (Phong Điền),6,high_water_p90,0.12756792006677498,766,0.0870639828793894,760
rain,750025,Thị trấn Phong Điền (Phong Điền),12,all,0.13103836760145077,7614,-0.003433623429433643,7608
rain,750025,Thị trấn Phong Điền (Phong Điền),12,high_water_p90,0.09581427990634914,766,-0.02876074811233511,760
rain,750025,Thị trấn Phong Điền (Phong Điền),24,all,0.14365782089826018,7614,-0.009632507237677978,7608
rain,750025,Thị trấn Phong Điền (Phong Điền),24,high_water_p90,0.17015647973695303,766,-0.009140618838184438,760
rain,750025,Thị trấn Phong Điền (Phong Điền),48,all,0.1144918626338343,7614,-0.05171949610852894,7608
rain,750025,Thị trấn Phong Điền (Phong Điền),48,high_water_p90,0.12568031345823036,766,-0.08073294611531057,760
rain,750026,Bình Tiến (Hương Trà),0,all,0.3668530803773235,7667,0.19378000032919016,7661
rain,750026,Bình Tiến (Hương Trà),0,high_water_p90,0.4647893192778097,766,0.3492349724846692,760
rain,750026,Bình Tiến (Hương Trà),1,all,0.38630235075807834,7667,0.20200788797309677,7661
rain,750026,Bình Tiến (Hương Trà),1,high_water_p90,0.4903097140215516,766,0.3671570119050482,760
rain,750026,Bình Tiến (Hương Trà),2,all,0.40425034769166596,7667,0.20799004354608117,7661
rain,750026,Bình Tiến (Hương Trà),2,high_water_p90,0.5233148562742489,766,0.37628285651295346,760
rain,750026,Bình Tiến (Hương Trà),3,all,0.41819497075875023,7667,0.20552045317096718,7661
rain,750026,Bình Tiến (Hương Trà),3,high_water_p90,0.5461163282802673,766,0.3551468078411546,760
rain,750026,Bình Tiến (Hương Trà),6,all,0.44215125982143016,7667,0.14764777123814102,7661
rain,750026,Bình Tiến (Hương Trà),6,high_water_p90,0.5781539384608179,766,0.20240320790242977,760
rain,750026,Bình Tiến (Hương Trà),12,all,0.4358033263909867,7667,-0.011396498706023486,7661
rain,750026,Bình Tiến (Hương Trà),12,high_water_p90,0.5743190936118177,766,-0.07649018701557965,760
rain,750026,Bình Tiến (Hương Trà),24,all,0.3626811893698165,7667,-0.08864836099084983,7661
rain,750026,Bình Tiến (Hương Trà),24,high_water_p90,0.46976400205434904,766,-0.24719676437889626,760
rain,750026,Bình Tiến (Hương Trà),48,all,0.22923269263847168,7667,-0.0024983440648121426,7661
rain,750026,Bình Tiến (Hương Trà),48,high_water_p90,0.23708964592151954,766,-0.0237838841229999,760
rain,750027,Thủy Thanh (Hương Thủy),0,all,0.0796407948778282,7184,0.029632813560517585,7178
rain,750027,Thủy Thanh (Hương Thủy),0,high_water_p90,-0.010576716175717132,730,-0.021308767924283385,724
rain,750027,Thủy Thanh (Hương Thủy),1,all,0.09339884805418633,7184,0.05743700717682315,7178
rain,750027,Thủy Thanh (Hương Thủy),1,high_water_p90,0.004293451158864443,730,0.03181333806568204,724
rain,750027,Thủy Thanh (Hương Thủy),2,all,0.10509115867597967,7184,0.08184658546639131,7178
rain,750027,Thủy Thanh (Hương Thủy),2,high_water_p90,0.020975065711102997,730,0.08461418133149871,724
rain,750027,Thủy Thanh (Hương Thủy),3,all,0.11461670093245134,7184,0.10095644714869823,7178
rain,750027,Thủy Thanh (Hương Thủy),3,high_water_p90,0.03379063260392159,730,0.13272587371754294,724
rain,750027,Thủy Thanh (Hương Thủy),6,all,0.1248529931568999,7184,0.08952932063361874,7178
rain,750027,Thủy Thanh (Hương Thủy),6,high_water_p90,0.04372700481943145,730,0.12209173558383843,724
rain,750027,Thủy Thanh (Hương Thủy),12,all,0.10703215457419832,7184,-0.03398680186831266,7178
rain,750027,Thủy Thanh (Hương Thủy),12,high_water_p90,0.03412682076624384,724,-0.07053981643897987,718
rain,750027,Thủy Thanh (Hương Thủy),24,all,0.14924005329344248,7184,0.03510722829084206,7178
rain,750027,Thủy Thanh (Hương Thủy),24,high_water_p90,0.16692897784430719,729,0.13220150836337433,723
rain,750027,Thủy Thanh (Hương Thủy),48,all,0.11189061200511415,7184,-0.051881434688144934,7178
rain,750027,Thủy Thanh (Hương Thủy),48,high_water_p90,0.15059598762246698,734,-0.09952717105503373,728
rain,750028,Hương Sơn (Phú Lộc),0,all,0.23979233343345022,7582,0.01008329325110878,7576
rain,750028,Hương Sơn (Phú Lộc),0,high_water_p90,0.30265243912670003,751,-0.04002418035943558,745
rain,750028,Hương Sơn (Phú Lộc),1,all,0.2397500276817105,7582,0.0015836584493441898,7576
rain,750028,Hương Sơn (Phú Lộc),1,high_water_p90,0.28822128954842136,751,-0.0763595215836251,745
rain,750028,Hương Sơn (Phú Lộc),2,all,0.24067911637646658,7582,-0.0008399714565503337,7576
rain,750028,Hương Sơn (Phú Lộc),2,high_water_p90,0.3135826395512901,751,-0.10302940553899619,745
rain,750028,Hương Sơn (Phú Lộc),3,all,0.2436193937332897,7582,0.00435072503937683,7576
rain,750028,Hương Sơn (Phú Lộc),3,high_water_p90,0.3253863991794742,751,-0.08751211873210833,745
rain,750028,Hương Sơn (Phú Lộc),6,all,0.26061393340857436,7582,0.0430503648928955,7576
rain,750028,Hương Sơn (Phú Lộc),6,high_water_p90,0.322169508012391,751,-0.0013616550341792853,745
rain,750028,Hương Sơn (Phú Lộc),12,all,0.24313993533670258,7582,-0.030547164238739502,7576
rain,750028,Hương Sơn (Phú Lộc),12,high_water_p90,0.2301053578130143,751,-0.20508772207380066,745
rain,750028,Hương Sơn (Phú Lộc),24,all,0.20608219263414496,7582,-0.03128102747477755,7576
rain,750028,Hương Sơn (Phú Lộc),24,high_water_p90,0.1843386032112136,751,-0.11358227230059066,745
rain,750028,Hương Sơn (Phú Lộc),48,all,0.15517975661245553,7582,-0.023359660347606826,7576
rain,750028,Hương Sơn (Phú Lộc),48,high_water_p90,0.13459586845510663,751,-0.09795805895064164,745
rain,750029,Thượng Quảng (Phú Lộc),0,all,0.27974296455931796,7631,0.02936374433874982,7625
rain,750029,Thượng Quảng (Phú Lộc),0,high_water_p90,0.3398402338594545,759,0.01096579299845966,753
rain,750029,Thượng Quảng (Phú Lộc),1,all,0.28176487148652835,7631,0.023427681029551846,7625
rain,750029,Thượng Quảng (Phú Lộc),1,high_water_p90,0.32608638854113753,759,-0.013663592300391374,753
rain,750029,Thượng Quảng (Phú Lộc),2,all,0.28425250691864345,7631,0.020044916018926696,7625
rain,750029,Thượng Quảng (Phú Lộc),2,high_water_p90,0.3522163875814426,760,-0.026962988887227184,754
rain,750029,Thượng Quảng (Phú Lộc),3,all,0.288480265037613,7631,0.023390487236725717,7625
rain,750029,Thượng Quảng (Phú Lộc),3,high_water_p90,0.37677090097082294,761,-0.014402894480563993,755
rain,750029,Thượng Quảng (Phú Lộc),6,all,0.30369778222993876,7631,0.0477678111974746,7625
rain,750029,Thượng Quảng (Phú Lộc),6,high_water_p90,0.36218059540991193,761,-0.008130670871508653,755
rain,750029,Thượng Quảng (Phú Lộc),12,all,0.27713462485990636,7631,-0.050732495551338914,7625
rain,750029,Thượng Quảng (Phú Lộc),12,high_water_p90,0.2825237078993886,760,-0.22573697697320474,754
rain,750029,Thượng Quảng (Phú Lộc),24,all,0.24986723993852306,7631,-0.021427643218902833,7625
rain,750029,Thượng Quảng (Phú Lộc),24,high_water_p90,0.2573615635305659,758,-0.09510490294538171,752
rain,750029,Thượng Quảng (Phú Lộc),48,all,0.17607628631561417,7631,-0.0202256619984636,7625
rain,750029,Thượng Quảng (Phú Lộc),48,high_water_p90,0.1558653739590013,759,-0.111101445694017,753
rain,750030,Vườn Quốc gia Bạch Mã (Phú Lộc),0,all,0.29655208242962516,7667,0.0798005327441792,7661
rain,750030,Vườn Quốc gia Bạch Mã (Phú Lộc),0,high_water_p90,0.35045664891945943,766,0.10018861292600235,760
rain,750030,Vườn Quốc gia Bạch Mã (Phú Lộc),1,all,0.3028336065432386,7667,0.07460374602757398,7661
rain,750030,Vườn Quốc gia Bạch Mã (Phú Lộc),1,high_water_p90,0.34676729780633175,766,0.08189790109161546,760
rain,750030,Vườn Quốc gia Bạch Mã (Phú Lộc),2,all,0.3116796753379572,7667,0.07698688065777241,7661
rain,750030,Vườn Quốc gia Bạch Mã (Phú Lộc),2,high_water_p90,0.34798524510346296,766,0.07988953946155226,760
rain,750030,Vườn Quốc gia Bạch Mã (Phú Lộc),3,all,0.3224731631840004,7667,0.08571446745526885,7661
rain,750030,Vườn Quốc gia Bạch Mã (Phú Lộc),3,high_water_p90,0.3459697732367004,766,0.10082044501273836,760
rain,750030,Vườn Quốc gia Bạch Mã (Phú Lộc),6,all,0.3578519748342881,7667,0.11982179057248467,7661
rain,750030,Vườn Quốc gia Bạch Mã (Phú Lộc),6,high_water_p90,0.4015839319332302,766,0.1603980593675378,760
rain,750030,Vườn Quốc gia Bạch Mã (Phú Lộc),12,all,0.3837034905799095,7667,0.05177566210790745,7661
rain,750030,Vườn Quốc gia Bạch Mã (Phú Lộc),12,high_water_p90,0.4191083302236167,766,0.03672617883455149,760
rain,750030,Vườn Quốc gia Bạch Mã (Phú Lộc),24,all,0.36923573526638137,7667,-0.04366679764002423,7661
rain,750030,Vườn Quốc gia Bạch Mã (Phú Lộc),24,high_water_p90,0.4008642661657051,766,-0.1766089465437255,760
rain,750030,Vườn Quốc gia Bạch Mã (Phú Lộc),48,all,0.24949027262612777,7667,-0.039791154921254714,7661
rain,750030,Vườn Quốc gia Bạch Mã (Phú Lộc),48,high_water_p90,0.23262692766122323,766,-0.14027661599708316,760
rain,750031,Không có trong station metadata,0,all,0.41820166231832373,4328,0.2721532813556514,4322
rain,750031,Không có trong station metadata,0,high_water_p90,0.47928633846808083,578,0.4246403976070844,572
rain,750031,Không có trong station metadata,1,all,0.4367243713131931,4328,0.26912878215443786,4322
rain,750031,Không có trong station metadata,1,high_water_p90,0.501564030744526,578,0.4064344951764526,572
rain,750031,Không có trong station metadata,2,all,0.4529137021324874,4328,0.2593858097856026,4322
rain,750031,Không có trong station metadata,2,high_water_p90,0.5213256243704402,578,0.37801472678338865,572
rain,750031,Không có trong station metadata,3,all,0.46595168964142514,4328,0.24159638276688317,4322
rain,750031,Không có trong station metadata,3,high_water_p90,0.5383771255948632,578,0.33637299749910066,572
rain,750031,Không có trong station metadata,6,all,0.487611969116477,4328,0.15285056034524858,4322
rain,750031,Không có trong station metadata,6,high_water_p90,0.5670648777676914,578,0.19369751938591662,572
rain,750031,Không có trong station metadata,12,all,0.467747430226502,4328,-0.04266446481577138,4322
rain,750031,Không có trong station metadata,12,high_water_p90,0.5607396613391719,578,-0.10126913156628665,572
rain,750031,Không có trong station metadata,24,all,0.4027350651621249,4328,-0.09503425679290671,4322
rain,750031,Không có trong station metadata,24,high_water_p90,0.47020586277192816,578,-0.23649466178109682,572
rain,750031,Không có trong station metadata,48,all,0.2463605273263961,4328,-0.013902415230968098,4322
rain,750031,Không có trong station metadata,48,high_water_p90,0.22170692945067622,578,-0.07986018162092128,572
rain,750032,Trạm bơm Quảng Thành (Quảng Điền),0,all,0.0912801268608143,7667,0.01473281964093828,7661
rain,750032,Trạm bơm Quảng Thành (Quảng Điền),0,high_water_p90,0.031246868198196512,766,-0.050410204130924785,760
rain,750032,Trạm bơm Quảng Thành (Quảng Điền),1,all,0.09908255480316831,7667,0.0291391690444824,7661
rain,750032,Trạm bơm Quảng Thành (Quảng Điền),1,high_water_p90,0.03778328664186952,766,-0.014062978555961381,760
rain,750032,Trạm bơm Quảng Thành (Quảng Điền),2,all,0.10649441653826504,7667,0.044738494201422105,7661
rain,750032,Trạm bơm Quảng Thành (Quảng Điền),2,high_water_p90,0.047975543236068695,766,0.02275125798749853,760
rain,750032,Trạm bơm Quảng Thành (Quảng Điền),3,all,0.11336194097181954,7667,0.06029933151647053,7661
rain,750032,Trạm bơm Quảng Thành (Quảng Điền),3,high_water_p90,0.07101637865323264,766,0.08265906728700732,760
rain,750032,Trạm bơm Quảng Thành (Quảng Điền),6,all,0.1257167066870239,7667,0.06809216912637756,7661
rain,750032,Trạm bơm Quảng Thành (Quảng Điền),6,high_water_p90,0.08102062991268978,766,0.10747473493038971,760
rain,750032,Trạm bơm Quảng Thành (Quảng Điền),12,all,0.12294678315372536,7667,-0.004385082654892011,7661
rain,750032,Trạm bơm Quảng Thành (Quảng Điền),12,high_water_p90,0.09215551776188505,766,-0.03684710979890429,760
rain,750032,Trạm bơm Quảng Thành (Quảng Điền),24,all,0.1544738931149185,7667,0.027233440083633605,7661
rain,750032,Trạm bơm Quảng Thành (Quảng Điền),24,high_water_p90,0.15338565608502194,766,0.09483265236715754,760
rain,750032,Trạm bơm Quảng Thành (Quảng Điền),48,all,0.11870929413720574,7667,-0.02921607731428514,7661
rain,750032,Trạm bơm Quảng Thành (Quảng Điền),48,high_water_p90,0.12962317383872238,766,-0.06529520987195801,760
rain,750033,VP QLKTCTTL TP Huế (TP Huế),0,all,0.0845769984210068,7667,0.024549241656538844,7661
rain,750033,VP QLKTCTTL TP Huế (TP Huế),0,high_water_p90,0.028755718374305263,766,-0.008938847842065268,760
rain,750033,VP QLKTCTTL TP Huế (TP Huế),1,all,0.09570888440373232,7667,0.048337260747422735,7661
rain,750033,VP QLKTCTTL TP Huế (TP Huế),1,high_water_p90,0.043054514109838564,766,0.035967713963318805,760
rain,750033,VP QLKTCTTL TP Huế (TP Huế),2,all,0.10484699482208495,7667,0.06986451296258912,7661
rain,750033,VP QLKTCTTL TP Huế (TP Huế),2,high_water_p90,0.05556487768397024,766,0.08361981707779015,760
rain,750033,VP QLKTCTTL TP Huế (TP Huế),3,all,0.11220717930196072,7667,0.08697259255758812,7661
rain,750033,VP QLKTCTTL TP Huế (TP Huế),3,high_water_p90,0.0782210141777182,766,0.12867087194811352,760
rain,750033,VP QLKTCTTL TP Huế (TP Huế),6,all,0.12164484362919938,7667,0.0730779919208901,7661
rain,750033,VP QLKTCTTL TP Huế (TP Huế),6,high_water_p90,0.09280431855740452,766,0.1301626867165066,760
rain,750033,VP QLKTCTTL TP Huế (TP Huế),12,all,0.11390366753457773,7667,-0.014049162879568734,7661
rain,750033,VP QLKTCTTL TP Huế (TP Huế),12,high_water_p90,0.11432627776925597,766,-0.03843704764794835,760
rain,750033,VP QLKTCTTL TP Huế (TP Huế),24,all,0.13417444024488104,7667,0.009524773633917304,7661
rain,750033,VP QLKTCTTL TP Huế (TP Huế),24,high_water_p90,0.2356171151654924,766,0.08317119230263226,760
rain,750033,VP QLKTCTTL TP Huế (TP Huế),48,all,0.10476070423628567,7667,-0.04048677577648474,7661
rain,750033,VP QLKTCTTL TP Huế (TP Huế),48,high_water_p90,0.1483747077877957,766,-0.11305696014035878,760
rain,750034,Trạm bơm Vinh Hà (Phú Vang),0,all,0.09713169801791616,7667,0.03164265432856803,7661
rain,750034,Trạm bơm Vinh Hà (Phú Vang),0,high_water_p90,0.05622111058360963,766,-0.0335296869682715,760
rain,750034,Trạm bơm Vinh Hà (Phú Vang),1,all,0.10327235710814514,7667,0.03715714896832633,7661
rain,750034,Trạm bơm Vinh Hà (Phú Vang),1,high_water_p90,0.07581565217053632,766,-0.032602055813346506,760
rain,750034,Trạm bơm Vinh Hà (Phú Vang),2,all,0.1098648166269643,7667,0.04481062705948062,7661
rain,750034,Trạm bơm Vinh Hà (Phú Vang),2,high_water_p90,0.08221213620637198,766,-0.002000722709400995,760
rain,750034,Trạm bơm Vinh Hà (Phú Vang),3,all,0.11630799683630257,7667,0.052885355464555514,7661
rain,750034,Trạm bơm Vinh Hà (Phú Vang),3,high_water_p90,0.0775656857725184,766,0.04308005026692978,760
rain,750034,Trạm bơm Vinh Hà (Phú Vang),6,all,0.129417169546505,7667,0.06331994138622589,7661
rain,750034,Trạm bơm Vinh Hà (Phú Vang),6,high_water_p90,0.0873292301076764,766,0.08600763384313383,760
rain,750034,Trạm bơm Vinh Hà (Phú Vang),12,all,0.12857132208865965,7667,-0.0007140991165705922,7661
rain,750034,Trạm bơm Vinh Hà (Phú Vang),12,high_water_p90,0.08775247476188638,766,-0.07002941955942231,760
rain,750034,Trạm bơm Vinh Hà (Phú Vang),24,all,0.13893233951515305,7667,0.028350979863785666,7661
rain,750034,Trạm bơm Vinh Hà (Phú Vang),24,high_water_p90,0.13147894778101657,766,0.058639725196745936,760
rain,750034,Trạm bơm Vinh Hà (Phú Vang),48,all,0.11237467223856795,7667,-0.00890025827564602,7661
rain,750034,Trạm bơm Vinh Hà (Phú Vang),48,high_water_p90,0.09674486658049591,766,-0.03486139412881232,760
rain,750035,Cảng Tư Hiền,0,all,0.11255665890688343,7656,0.04674537069281761,7650
rain,750035,Cảng Tư Hiền,0,high_water_p90,0.09078059565462003,766,0.023778588860835406,760
rain,750035,Cảng Tư Hiền,1,all,0.11692692020797024,7656,0.04483047453060609,7650
rain,750035,Cảng Tư Hiền,1,high_water_p90,0.09934386054167568,766,0.012250193123132672,760
rain,750035,Cảng Tư Hiền,2,all,0.12206081317560849,7656,0.04631206378740512,7650
rain,750035,Cảng Tư Hiền,2,high_water_p90,0.10091038631694656,766,0.0033264071574701203,760
rain,750035,Cảng Tư Hiền,3,all,0.12696246047744864,7656,0.05024869490744588,7650
rain,750035,Cảng Tư Hiền,3,high_water_p90,0.10048045752056833,766,0.004193497221211976,760
rain,750035,Cảng Tư Hiền,6,all,0.13859998510814317,7656,0.05156275325830558,7650
rain,750035,Cảng Tư Hiền,6,high_water_p90,0.07119849395341316,766,-0.004744331245667725,760
rain,750035,Cảng Tư Hiền,12,all,0.13528654704177528,7656,-0.0056106027183453686,7650
rain,750035,Cảng Tư Hiền,12,high_water_p90,0.06581153243104729,766,-0.08050553840905655,760
rain,750035,Cảng Tư Hiền,24,all,0.13704836063611683,7656,0.036945014236195006,7650
rain,750035,Cảng Tư Hiền,24,high_water_p90,0.09688099152563923,766,0.06195034716915532,760
rain,750035,Cảng Tư Hiền,48,all,0.10568589657472478,7656,0.013052115597196814,7650
rain,750035,Cảng Tư Hiền,48,high_water_p90,0.06095907765285881,766,0.030871584999923443,760
rain,750040,Hương Chữ (Hương Trà),0,all,0.07730752769698938,7550,0.008509055683444944,7544
rain,750040,Hương Chữ (Hương Trà),0,high_water_p90,0.03549151629585761,754,-0.03934049046268082,748
rain,750040,Hương Chữ (Hương Trà),1,all,0.08793092555481166,7550,0.03245846517371064,7544
rain,750040,Hương Chữ (Hương Trà),1,high_water_p90,0.04715054642477727,754,0.003023383583149305,748
rain,750040,Hương Chữ (Hương Trà),2,all,0.09564135166125852,7550,0.05290782119842838,7544
rain,750040,Hương Chữ (Hương Trà),2,high_water_p90,0.052508028438964294,754,0.05698841409707476,748
rain,750040,Hương Chữ (Hương Trà),3,all,0.10121544104255006,7550,0.07075312585349365,7544
rain,750040,Hương Chữ (Hương Trà),3,high_water_p90,0.07534168982029293,754,0.11328329393269145,748
rain,750040,Hương Chữ (Hương Trà),6,all,0.1070822392788054,7550,0.05890827239414831,7544
rain,750040,Hương Chữ (Hương Trà),6,high_water_p90,0.10308916191822456,754,0.13116818246326944,748
rain,750040,Hương Chữ (Hương Trà),12,all,0.09846624887157791,7550,-0.01589668104426263,7544
rain,750040,Hương Chữ (Hương Trà),12,high_water_p90,0.09958188993623956,756,-0.04152628732142155,750
rain,750040,Hương Chữ (Hương Trà),24,all,0.1208133089273822,7550,0.006671263606310899,7544
rain,750040,Hương Chữ (Hương Trà),24,high_water_p90,0.25444998926949364,757,0.1041298460883179,751
rain,750040,Hương Chữ (Hương Trà),48,all,0.09422379556402688,7550,-0.04805828543103388,7544
rain,750040,Hương Chữ (Hương Trà),48,high_water_p90,0.17494124660087512,756,-0.12212368601913932,750
rain,750041,Bạch Mã,0,all,0.2637770724842973,7667,0.12993520906865902,7661
rain,750041,Bạch Mã,0,high_water_p90,0.3577252574209809,766,0.23283310133341784,760
rain,750041,Bạch Mã,1,all,0.27406996622628926,7667,0.12539952379817196,7661
rain,750041,Bạch Mã,1,high_water_p90,0.3553043300511729,766,0.22291143342870737,760
rain,750041,Bạch Mã,2,all,0.2852610341507186,7667,0.12402657371236879,7661
rain,750041,Bạch Mã,2,high_water_p90,0.3726548367800735,766,0.22061409887071112,760
rain,750041,Bạch Mã,3,all,0.29643669072689255,7667,0.12376655578096525,7661
rain,750041,Bạch Mã,3,high_water_p90,0.37973832940550606,766,0.212045250996425,760
rain,750041,Bạch Mã,6,all,0.32693598356180403,7667,0.12392353959034044,7661
rain,750041,Bạch Mã,6,high_water_p90,0.3983406583754415,766,0.18414822562551,760
rain,750041,Bạch Mã,12,all,0.3302309444993277,7667,0.007582044338042608,7661
rain,750041,Bạch Mã,12,high_water_p90,0.3777171356148685,766,-0.04618582411356307,760
rain,750041,Bạch Mã,24,all,0.30685963535583494,7667,-0.014211109545171867,7661
rain,750041,Bạch Mã,24,high_water_p90,0.3456910460659672,766,-0.10426033905354845,760
rain,750041,Bạch Mã,48,all,0.21181779508196835,7667,0.011528652562790828,7661
rain,750041,Bạch Mã,48,high_water_p90,0.19400776088167446,766,-0.012949942011313375,760
rain,750042,Trạm kiểm lâm Khe Mỏ Rang,0,all,0.09227198971014332,7649,-0.007217261658246954,7643
rain,750042,Trạm kiểm lâm Khe Mỏ Rang,0,high_water_p90,0.06922114543490697,748,-0.009233203809213513,742
rain,750042,Trạm kiểm lâm Khe Mỏ Rang,1,all,0.09435806133846347,7649,-0.004004987477700513,7643
rain,750042,Trạm kiểm lâm Khe Mỏ Rang,1,high_water_p90,0.0649105489228123,748,-0.01680081151711066,742
rain,750042,Trạm kiểm lâm Khe Mỏ Rang,2,all,0.0974026824724451,7649,0.0014023385614934233,7643
rain,750042,Trạm kiểm lâm Khe Mỏ Rang,2,high_water_p90,0.03524764014801524,748,-0.026989789964064717,742
rain,750042,Trạm kiểm lâm Khe Mỏ Rang,3,all,0.10204019109090187,7649,0.011684647111688628,7643
rain,750042,Trạm kiểm lâm Khe Mỏ Rang,3,high_water_p90,0.04180900500086121,748,-0.012435104703499263,742
rain,750042,Trạm kiểm lâm Khe Mỏ Rang,6,all,0.11951487688087666,7649,0.05028235716745698,7643
rain,750042,Trạm kiểm lâm Khe Mỏ Rang,6,high_water_p90,0.06716931318101821,748,0.04525834318602091,742
rain,750042,Trạm kiểm lâm Khe Mỏ Rang,12,all,0.10859440299753756,7649,-0.011433010722519524,7643
rain,750042,Trạm kiểm lâm Khe Mỏ Rang,12,high_water_p90,0.021757760054748002,748,-0.07979245981191221,742
rain,750042,Trạm kiểm lâm Khe Mỏ Rang,24,all,0.08943863384085318,7649,-0.030947696266893993,7643
rain,750042,Trạm kiểm lâm Khe Mỏ Rang,24,high_water_p90,0.01940149866777931,749,-0.08801885891134122,743
rain,750042,Trạm kiểm lâm Khe Mỏ Rang,48,all,0.0572246402541435,7649,-0.032775673935526606,7643
rain,750042,Trạm kiểm lâm Khe Mỏ Rang,48,high_water_p90,-0.023051110693584377,748,-0.07551206671816144,742
rain,750045,Đan Điền,0,all,0.07918714212212843,7667,-0.003102457551829255,7661
rain,750045,Đan Điền,0,high_water_p90,0.019490808770826214,766,-0.03747400455957224,760
rain,750045,Đan Điền,1,all,0.08577880981773091,7667,0.012330386167284994,7661
rain,750045,Đan Điền,1,high_water_p90,0.023712962201619874,766,-0.015019027164564972,760
rain,750045,Đan Điền,2,all,0.09402792719120044,7667,0.03380352193027509,7661
rain,750045,Đan Điền,2,high_water_p90,0.024693748711921686,766,0.028658397429224602,760
rain,750045,Đan Điền,3,all,0.09972835489361315,7667,0.05009535207390291,7661
rain,750045,Đan Điền,3,high_water_p90,0.05593152827371176,766,0.07182167766194468,760
rain,750045,Đan Điền,6,all,0.10404913674423849,7667,0.04946150370847422,7661
rain,750045,Đan Điền,6,high_water_p90,0.060296471372774,766,0.0878275405206432,760
rain,750045,Đan Điền,12,all,0.09540700076593223,7667,-0.01580365337261007,7661
rain,750045,Đan Điền,12,high_water_p90,0.026396391630825834,766,-0.045605476812931554,760
rain,750045,Đan Điền,24,all,0.11895861870106056,7667,-0.016038121728010023,7661
rain,750045,Đan Điền,24,high_water_p90,0.07796572341718261,766,0.010382997803926725,760
rain,750045,Đan Điền,48,all,0.09428082659917918,7667,-0.05515408175815846,7661
rain,750045,Đan Điền,48,high_water_p90,0.11438551269991948,766,-0.020263996428315077,760
rain,750046,Vỹ Dạ,0,all,0.08043471240711982,7667,0.025807061540782165,7661
rain,750046,Vỹ Dạ,0,high_water_p90,0.0002917376897262784,766,-0.04136767252448828,760
rain,750046,Vỹ Dạ,1,all,0.09320798458462087,7667,0.05140816720907956,7661
rain,750046,Vỹ Dạ,1,high_water_p90,0.017638467287766066,766,0.009065307672919892,760
rain,750046,Vỹ Dạ,2,all,0.10339682283530753,7667,0.0729646595548753,7661
rain,750046,Vỹ Dạ,2,high_water_p90,0.028122815926986622,766,0.06449852453286686,760
rain,750046,Vỹ Dạ,3,all,0.11223190102311445,7667,0.09299985896852614,7661
rain,750046,Vỹ Dạ,3,high_water_p90,0.04330820264711443,766,0.12018596472641238,760
rain,750046,Vỹ Dạ,6,all,0.1227827580851098,7667,0.08316768011322852,7661
rain,750046,Vỹ Dạ,6,high_water_p90,0.06823696379921443,766,0.13303989593095716,760
rain,750046,Vỹ Dạ,12,all,0.11297115265641917,7667,-0.018121360315648028,7661
rain,750046,Vỹ Dạ,12,high_water_p90,0.06454636985143603,766,-0.06083149405547284,760
rain,750046,Vỹ Dạ,24,all,0.15111685016785906,7667,0.03489021204103122,7661
rain,750046,Vỹ Dạ,24,high_water_p90,0.20192585736912413,766,0.13268638199117883,760
rain,750046,Vỹ Dạ,48,all,0.11561949909261365,7667,-0.04563561961520996,7661
rain,750046,Vỹ Dạ,48,high_water_p90,0.16470164955861274,766,-0.11673700255587728,760
rain,750047,Lộc An,0,all,0.19149542029077077,7541,0.09837050368824576,7535
rain,750047,Lộc An,0,high_water_p90,0.192895711859222,757,0.1780893565424127,751
rain,750047,Lộc An,1,all,0.2057439567702805,7541,0.11215298080028346,7535
rain,750047,Lộc An,1,high_water_p90,0.20649199959958228,757,0.19783083086648579,751
rain,750047,Lộc An,2,all,0.21800001173027905,7541,0.12134826213683693,7535
rain,750047,Lộc An,2,high_water_p90,0.2060969798242527,757,0.2122777526913795,751
rain,750047,Lộc An,3,all,0.22730867372293773,7541,0.12791418032375446,7535
rain,750047,Lộc An,3,high_water_p90,0.21166989118176535,757,0.21205134565777783,751
rain,750047,Lộc An,6,all,0.2414839379473707,7541,0.09989474772434773,7535
rain,750047,Lộc An,6,high_water_p90,0.21213584480903847,757,0.12124267300560283,751
rain,750047,Lộc An,12,all,0.23113367434071286,7541,-0.019686914740397517,7535
rain,750047,Lộc An,12,high_water_p90,0.19681527472573904,757,-0.08997908368315595,751
rain,750047,Lộc An,24,all,0.22507821928790125,7541,0.015106987104929631,7535
rain,750047,Lộc An,24,high_water_p90,0.2215976247858009,761,0.04433055033236185,755
rain,750047,Lộc An,48,all,0.1661241438681847,7541,-0.003772668184575586,7535
rain,750047,Lộc An,48,high_water_p90,0.1365788240001827,761,0.003856066596123662,755
rain,750059,Cảng Thuận An,0,all,0.05268037948939972,7667,0.011327978281426721,7661
rain,750059,Cảng Thuận An,0,high_water_p90,-0.024348186596548343,766,-0.04076338555045494,760
rain,750059,Cảng Thuận An,1,all,0.06379041367189939,7667,0.03720572355979532,7661
rain,750059,Cảng Thuận An,1,high_water_p90,-0.008922969697168976,766,0.002357462544025492,760
rain,750059,Cảng Thuận An,2,all,0.07367565572384206,7667,0.061554089359206976,7661
rain,750059,Cảng Thuận An,2,high_water_p90,0.007606131061943819,766,0.05503154452168022,760
rain,750059,Cảng Thuận An,3,all,0.0825623699350136,7667,0.08157626167338183,7661
rain,750059,Cảng Thuận An,3,high_water_p90,0.023691282365031683,766,0.10489549498164791,760
rain,750059,Cảng Thuận An,6,all,0.09223925379543152,7667,0.07794573441097982,7661
rain,750059,Cảng Thuận An,6,high_water_p90,0.052731485530961006,766,0.15810346609916617,760
rain,750059,Cảng Thuận An,12,all,0.07704132912691529,7667,-0.028718769926810304,7661
rain,750059,Cảng Thuận An,12,high_water_p90,0.05752631578471899,766,-0.04979510997117038,760
rain,750059,Cảng Thuận An,24,all,0.09860168633404535,7667,0.011185912434731736,7661
rain,750059,Cảng Thuận An,24,high_water_p90,0.137524241148508,766,0.10125473071213234,760
rain,750059,Cảng Thuận An,48,all,0.07551607508697365,7667,-0.03599546743630588,7661
rain,750059,Cảng Thuận An,48,high_water_p90,0.11345257537739671,766,-0.10309982080924775,760
rain,750061,Thủy điện Bình Điền (Hương Trà),0,all,0.3476325178122593,7667,0.16468630044110502,7661
rain,750061,Thủy điện Bình Điền (Hương Trà),0,high_water_p90,0.42667234004840404,766,0.278682931774566,760
rain,750061,Thủy điện Bình Điền (Hương Trà),1,all,0.36781706581793105,7667,0.1828848660478435,7661
rain,750061,Thủy điện Bình Điền (Hương Trà),1,high_water_p90,0.44502116246942325,766,0.30543134656722826,760
rain,750061,Thủy điện Bình Điền (Hương Trà),2,all,0.3875545483764541,7667,0.1991857209155462,7661
rain,750061,Thủy điện Bình Điền (Hương Trà),2,high_water_p90,0.48632768592110776,766,0.3400635161569924,760
rain,750061,Thủy điện Bình Điền (Hương Trà),3,all,0.40241057279707504,7667,0.20385127838583153,7661
rain,750061,Thủy điện Bình Điền (Hương Trà),3,high_water_p90,0.5071755211420145,766,0.3394873309035831,760
rain,750061,Thủy điện Bình Điền (Hương Trà),6,all,0.4267930101018308,7667,0.15516133790497216,7661
rain,750061,Thủy điện Bình Điền (Hương Trà),6,high_water_p90,0.5113650277255208,766,0.21251121746783952,760
rain,750061,Thủy điện Bình Điền (Hương Trà),12,all,0.43369751317387084,7667,0.014392900949903899,7661
rain,750061,Thủy điện Bình Điền (Hương Trà),12,high_water_p90,0.5708586154644067,766,-0.006721359715035054,760
rain,750061,Thủy điện Bình Điền (Hương Trà),24,all,0.37027267815783793,7667,-0.07799163742986356,7661
rain,750061,Thủy điện Bình Điền (Hương Trà),24,high_water_p90,0.47697744862191943,766,-0.21794751127554093,760
rain,750061,Thủy điện Bình Điền (Hương Trà),48,all,0.23698769754821317,7667,0.002196966009132513,7661
rain,750061,Thủy điện Bình Điền (Hương Trà),48,high_water_p90,0.2512694575904429,766,-0.022767070709390977,760
rain,750062,Hồng Thái (A Lưới),0,all,0.26992647168330053,7667,0.10680263978570502,7661
rain,750062,Hồng Thái (A Lưới),0,high_water_p90,0.23129353662405927,766,0.13092467029614724,760
rain,750062,Hồng Thái (A Lưới),1,all,0.2751090155774856,7667,0.0952827729201959,7661
rain,750062,Hồng Thái (A Lưới),1,high_water_p90,0.2452840721313508,766,0.1090609687941403,760
rain,750062,Hồng Thái (A Lưới),2,all,0.2813372173206276,7667,0.08587097825613481,7661
rain,750062,Hồng Thái (A Lưới),2,high_water_p90,0.2602738867811487,766,0.08525513840612164,760
rain,750062,Hồng Thái (A Lưới),3,all,0.28932403293457576,7667,0.08213365703957344,7661
rain,750062,Hồng Thái (A Lưới),3,high_water_p90,0.2630155454612713,766,0.07547390298727978,760
rain,750062,Hồng Thái (A Lưới),6,all,0.3165898517646364,7667,0.09187089477504977,7661
rain,750062,Hồng Thái (A Lưới),6,high_water_p90,0.3118228962234325,766,0.09833995583882865,760
rain,750062,Hồng Thái (A Lưới),12,all,0.39883172146738427,7667,0.161176768806276,7661
rain,750062,Hồng Thái (A Lưới),12,high_water_p90,0.4464529253076111,766,0.24968212769798045,760
rain,750062,Hồng Thái (A Lưới),24,all,0.4301616509843177,7667,-0.03649175626495155,7661
rain,750062,Hồng Thái (A Lưới),24,high_water_p90,0.4928005531216059,766,-0.12614482557956117,760
rain,750062,Hồng Thái (A Lưới),48,all,0.22484936306596426,7667,-0.1486158579897533,7661
rain,750062,Hồng Thái (A Lưới),48,high_water_p90,0.19751352174402562,766,-0.3287130370884987,760
rain,750063,Phú Sơn (Hương Thủy),0,all,0.021835718606827686,7387,0.03438974267976493,7381
rain,750063,Phú Sơn (Hương Thủy),0,high_water_p90,-0.025058141178182995,748,0.05496654536488183,742
rain,750063,Phú Sơn (Hương Thủy),1,all,0.02961052383604941,7387,0.0427796486877108,7381
rain,750063,Phú Sơn (Hương Thủy),1,high_water_p90,-0.020228426216867983,747,0.050490089315665364,741
rain,750063,Phú Sơn (Hương Thủy),2,all,0.03641386507173543,7387,0.05056223898211936,7381
rain,750063,Phú Sơn (Hương Thủy),2,high_water_p90,-0.010892620188632048,747,0.07256694480658961,741
rain,750063,Phú Sơn (Hương Thủy),3,all,0.04266993584019267,7387,0.05864475791601953,7381
rain,750063,Phú Sơn (Hương Thủy),3,high_water_p90,-0.0017406361022977675,747,0.10324031181027209,741
rain,750063,Phú Sơn (Hương Thủy),6,all,0.04908363201653463,7387,0.05376563502039494,7381
rain,750063,Phú Sơn (Hương Thủy),6,high_water_p90,-0.013957023498255072,745,0.08493879675695393,739
rain,750063,Phú Sơn (Hương Thủy),12,all,0.036063247923753185,7387,-0.024489573394975282,7381
rain,750063,Phú Sơn (Hương Thủy),12,high_water_p90,-0.029861815991788623,740,-0.08644975781293225,734
rain,750063,Phú Sơn (Hương Thủy),24,all,0.016018081595903337,7387,-0.010758195867064075,7381
rain,750063,Phú Sơn (Hương Thủy),24,high_water_p90,-0.05586468849968785,732,0.022972710384754756,726
rain,750063,Phú Sơn (Hương Thủy),48,all,0.009994625546787294,7387,-0.0019120746060537906,7381
rain,750063,Phú Sơn (Hương Thủy),48,high_water_p90,-0.04010582914050139,740,0.10366701440456505,734
rain,750064,Điền Hương (Phong Điền),0,all,0.08118001571740042,7532,-0.01221294679225573,7526
rain,750064,Điền Hương (Phong Điền),0,high_water_p90,0.05011006480218921,760,-0.0873347626821693,754
rain,750064,Điền Hương (Phong Điền),1,all,0.08722848947979465,7532,0.008043562233903645,7526
rain,750064,Điền Hương (Phong Điền),1,high_water_p90,0.05678382247977372,760,-0.050488627197483205,754
rain,750064,Điền Hương (Phong Điền),2,all,0.09389172861464233,7532,0.031939912374037184,7526
rain,750064,Điền Hương (Phong Điền),2,high_water_p90,0.06426577695765462,760,-0.010556958091147836,754
rain,750064,Điền Hương (Phong Điền),3,all,0.09815869487525695,7532,0.04715891110728071,7526
rain,750064,Điền Hương (Phong Điền),3,high_water_p90,0.06626000072916041,760,0.018445729575316153,754
rain,750064,Điền Hương (Phong Điền),6,all,0.10185900175858302,7532,0.041257012909011216,7526
rain,750064,Điền Hương (Phong Điền),6,high_water_p90,0.05078778797176688,760,0.011466968579705982,754
rain,750064,Điền Hương (Phong Điền),12,all,0.08237796251193777,7532,-0.036974337140385144,7526
rain,750064,Điền Hương (Phong Điền),12,high_water_p90,0.03962668105876119,760,-0.08025980565660644,754
rain,750064,Điền Hương (Phong Điền),24,all,0.07843761107335824,7532,-0.060141843811127554,7526
rain,750064,Điền Hương (Phong Điền),24,high_water_p90,0.08479401069911485,763,-0.08058024245854079,757
rain,750064,Điền Hương (Phong Điền),48,all,0.05281519413826182,7532,-0.07156551533798618,7526
rain,750064,Điền Hương (Phong Điền),48,high_water_p90,0.10184302897668326,761,-0.05885283534357615,755
rain,750065,Xuân Lộc (Phú Lộc),0,all,0.16556548850062738,6895,0.07300083794495844,6895
rain,750065,Xuân Lộc (Phú Lộc),0,high_water_p90,0.5492585193454769,305,0.1529878521764006,305
rain,750065,Xuân Lộc (Phú Lộc),1,all,0.18147185281581704,6894,0.07741592011102316,6894
rain,750065,Xuân Lộc (Phú Lộc),1,high_water_p90,0.5843595037354217,305,0.12035582745709371,305
rain,750065,Xuân Lộc (Phú Lộc),2,all,0.19270239525823374,6893,0.0764272647104214,6893
rain,750065,Xuân Lộc (Phú Lộc),2,high_water_p90,0.6120717763035145,305,0.07684802691902744,305
rain,750065,Xuân Lộc (Phú Lộc),3,all,0.19955729710978248,6892,0.07210070711791154,6892
rain,750065,Xuân Lộc (Phú Lộc),3,high_water_p90,0.6179503886143064,305,0.03328791003966604,305
rain,750065,Xuân Lộc (Phú Lộc),6,all,0.1878856293229075,6889,0.02346599255544253,6889
rain,750065,Xuân Lộc (Phú Lộc),6,high_water_p90,0.49054291353249496,304,-0.18215713439977224,304
rain,750065,Xuân Lộc (Phú Lộc),12,all,0.16599504606367033,6883,-0.022401684312908177,6883
rain,750065,Xuân Lộc (Phú Lộc),12,high_water_p90,0.41679380956571105,302,-0.23261047044132196,302
rain,750065,Xuân Lộc (Phú Lộc),24,all,0.13454036311711484,6871,0.006522863527357913,6871
rain,750065,Xuân Lộc (Phú Lộc),24,high_water_p90,0.34268000035193624,302,-0.017811315832169623,302
rain,750065,Xuân Lộc (Phú Lộc),48,all,0.10054389215086246,6847,0.009487596355468404,6847
rain,750065,Xuân Lộc (Phú Lộc),48,high_water_p90,0.280353121304869,302,0.05335240856747385,302
rain,750066,Đỉnh Bạch Mã (Phú Lộc),0,all,0.26772792921932637,7667,0.005873641616860941,7661
rain,750066,Đỉnh Bạch Mã (Phú Lộc),0,high_water_p90,0.24841639809955915,766,-0.051446056946572075,760
rain,750066,Đỉnh Bạch Mã (Phú Lộc),1,all,0.2691487319538264,7667,0.0010449240066702503,7661
rain,750066,Đỉnh Bạch Mã (Phú Lộc),1,high_water_p90,0.24276634956529888,766,-0.07370112645943537,760
rain,750066,Đỉnh Bạch Mã (Phú Lộc),2,all,0.27319007337376894,7667,0.004433999185984018,7661
rain,750066,Đỉnh Bạch Mã (Phú Lộc),2,high_water_p90,0.2310966061031003,766,-0.08548390014064837,760
rain,750066,Đỉnh Bạch Mã (Phú Lộc),3,all,0.2801024963186753,7667,0.016958515917685702,7661
rain,750066,Đỉnh Bạch Mã (Phú Lộc),3,high_water_p90,0.2162302384613472,766,-0.06913766049043063,760
rain,750066,Đỉnh Bạch Mã (Phú Lộc),6,all,0.31010030715569603,7667,0.08246689172742892,7661
rain,750066,Đỉnh Bạch Mã (Phú Lộc),6,high_water_p90,0.26533082756874155,766,0.043726428634477815,760
rain,750066,Đỉnh Bạch Mã (Phú Lộc),12,all,0.3155541818215857,7667,0.012135228952308947,7661
rain,750066,Đỉnh Bạch Mã (Phú Lộc),12,high_water_p90,0.25583940053612547,766,-0.06232245076968896,760
rain,750066,Đỉnh Bạch Mã (Phú Lộc),24,all,0.28898265176456633,7667,-0.06438313768462055,7661
rain,750066,Đỉnh Bạch Mã (Phú Lộc),24,high_water_p90,0.21335042078430255,766,-0.18724385820644235,760
rain,750066,Đỉnh Bạch Mã (Phú Lộc),48,all,0.20571525018604844,7667,-0.06592125724102794,7661
rain,750066,Đỉnh Bạch Mã (Phú Lộc),48,high_water_p90,0.1556156761098245,766,-0.1613024846590424,760
rain,958573,Đập Thủy điện Rào Trăng 3 (Phong Điền),0,all,0.31594160842090613,7667,0.13793016968283558,7661
rain,958573,Đập Thủy điện Rào Trăng 3 (Phong Điền),0,high_water_p90,0.35919668789782777,766,0.23147568353329567,760
rain,958573,Đập Thủy điện Rào Trăng 3 (Phong Điền),1,all,0.33016320641533903,7667,0.14713533037187382,7661
rain,958573,Đập Thủy điện Rào Trăng 3 (Phong Điền),1,high_water_p90,0.3767959453821231,766,0.23471274657340846,760
rain,958573,Đập Thủy điện Rào Trăng 3 (Phong Điền),2,all,0.344137493688374,7667,0.1518382554554949,7661
rain,958573,Đập Thủy điện Rào Trăng 3 (Phong Điền),2,high_water_p90,0.39626839541265274,766,0.23019828296639744,760
rain,958573,Đập Thủy điện Rào Trăng 3 (Phong Điền),3,all,0.35606388234948233,7667,0.15292925288196932,7661
rain,958573,Đập Thủy điện Rào Trăng 3 (Phong Điền),3,high_water_p90,0.41677826894663195,766,0.21801376119794702,760
rain,958573,Đập Thủy điện Rào Trăng 3 (Phong Điền),6,all,0.38297437861019884,7667,0.1316436668792962,7661
rain,958573,Đập Thủy điện Rào Trăng 3 (Phong Điền),6,high_water_p90,0.4571175051079184,766,0.16091230659752628,760
rain,958573,Đập Thủy điện Rào Trăng 3 (Phong Điền),12,all,0.38143656379364344,7667,-0.0020012256316400984,7661
rain,958573,Đập Thủy điện Rào Trăng 3 (Phong Điền),12,high_water_p90,0.5173888200504961,766,-0.03359279279458803,760
rain,958573,Đập Thủy điện Rào Trăng 3 (Phong Điền),24,all,0.3166213473895433,7667,-0.08670063487713708,7661
rain,958573,Đập Thủy điện Rào Trăng 3 (Phong Điền),24,high_water_p90,0.42563230322084045,766,-0.2085942038591632,760
rain,958573,Đập Thủy điện Rào Trăng 3 (Phong Điền),48,all,0.1939591720145116,7667,-0.014175996871669913,7661
rain,958573,Đập Thủy điện Rào Trăng 3 (Phong Điền),48,high_water_p90,0.20368030909822984,766,-0.011794368786801426,760
rain,959428,Đập Thủy điện Rào Trăng 4 (Phong Điền),0,all,0.13491106444915668,7468,0.0009003310573377134,7462
rain,959428,Đập Thủy điện Rào Trăng 4 (Phong Điền),0,high_water_p90,0.09061280118853318,741,-0.06640744644061432,735
rain,959428,Đập Thủy điện Rào Trăng 4 (Phong Điền),1,all,0.14150687649875607,7468,0.01441131474071623,7462
rain,959428,Đập Thủy điện Rào Trăng 4 (Phong Điền),1,high_water_p90,0.09089018333597729,742,-0.045629908078072455,736
rain,959428,Đập Thủy điện Rào Trăng 4 (Phong Điền),2,all,0.148433737727088,7468,0.02908317963299568,7462
rain,959428,Đập Thủy điện Rào Trăng 4 (Phong Điền),2,high_water_p90,0.0917443680746497,743,-0.04470026940595632,737
rain,959428,Đập Thủy điện Rào Trăng 4 (Phong Điền),3,all,0.15346746958516103,7468,0.04115214296720389,7462
rain,959428,Đập Thủy điện Rào Trăng 4 (Phong Điền),3,high_water_p90,0.08218295260162331,743,-0.059536030078871593,737
rain,959428,Đập Thủy điện Rào Trăng 4 (Phong Điền),6,all,0.15649188484437063,7468,0.042147921008643494,7462
rain,959428,Đập Thủy điện Rào Trăng 4 (Phong Điền),6,high_water_p90,0.07883278958394513,743,-0.046040436213970345,737
rain,959428,Đập Thủy điện Rào Trăng 4 (Phong Điền),12,all,0.12258535351166246,7468,-0.0501341855926139,7462
rain,959428,Đập Thủy điện Rào Trăng 4 (Phong Điền),12,high_water_p90,0.07136479544636344,743,-0.11790256243245482,737
rain,959428,Đập Thủy điện Rào Trăng 4 (Phong Điền),24,all,0.08285732427897687,7468,-0.07295736760103068,7462
rain,959428,Đập Thủy điện Rào Trăng 4 (Phong Điền),24,high_water_p90,0.027344723169753705,748,-0.13238876082428958,742
rain,959428,Đập Thủy điện Rào Trăng 4 (Phong Điền),48,all,0.04451263677390583,7468,-0.05752350793335665,7462
rain,959428,Đập Thủy điện Rào Trăng 4 (Phong Điền),48,high_water_p90,-0.008997443353528062,747,-0.04405859140472031,741
wind,28f350b6-8149-45b0-98d2-49c3096cd9a3,Cảng Thuận An,0,all,0.35057099312719503,3476,0.034009831193880874,3470
wind,28f350b6-8149-45b0-98d2-49c3096cd9a3,Cảng Thuận An,0,high_water_p90,0.4303487744448006,626,-0.15718395618997372,620
wind,28f350b6-8149-45b0-98d2-49c3096cd9a3,Cảng Thuận An,1,all,0.3588327205929624,3476,0.05530359717262177,3470
wind,28f350b6-8149-45b0-98d2-49c3096cd9a3,Cảng Thuận An,1,high_water_p90,0.42247596749069866,626,-0.13630290245477822,620
wind,28f350b6-8149-45b0-98d2-49c3096cd9a3,Cảng Thuận An,2,all,0.3682881704590039,3476,0.07476715812182613,3470
wind,28f350b6-8149-45b0-98d2-49c3096cd9a3,Cảng Thuận An,2,high_water_p90,0.4212304722306828,627,-0.1143817125121919,621
wind,28f350b6-8149-45b0-98d2-49c3096cd9a3,Cảng Thuận An,3,all,0.3776969611928036,3476,0.0899834512929454,3470
wind,28f350b6-8149-45b0-98d2-49c3096cd9a3,Cảng Thuận An,3,high_water_p90,0.42178997294739085,628,-0.09802152157548502,622
wind,28f350b6-8149-45b0-98d2-49c3096cd9a3,Cảng Thuận An,6,all,0.39726509050509423,3476,0.09703277120983765,3470
wind,28f350b6-8149-45b0-98d2-49c3096cd9a3,Cảng Thuận An,6,high_water_p90,0.41311850891631036,631,-0.1025255345772388,625
wind,28f350b6-8149-45b0-98d2-49c3096cd9a3,Cảng Thuận An,12,all,0.3884739476657601,3476,-0.017202498372093856,3470
wind,28f350b6-8149-45b0-98d2-49c3096cd9a3,Cảng Thuận An,12,high_water_p90,0.4347578414982009,634,-0.1533036415813078,628
wind,28f350b6-8149-45b0-98d2-49c3096cd9a3,Cảng Thuận An,24,all,0.33030335787211457,3476,-0.03343364396464231,3470
wind,28f350b6-8149-45b0-98d2-49c3096cd9a3,Cảng Thuận An,24,high_water_p90,0.41675031086456993,643,-0.2569698270312155,637
wind,28f350b6-8149-45b0-98d2-49c3096cd9a3,Cảng Thuận An,48,all,0.21935241014344717,3476,-0.043603291023694424,3470
wind,28f350b6-8149-45b0-98d2-49c3096cd9a3,Cảng Thuận An,48,high_water_p90,0.2533836436922454,651,-0.2703155542920928,645
wind,2d9b1c98-16ec-4681-9d23-0769a49aedaa,Cảng Tư Hiền,0,all,0.2782088883347172,3442,0.05538010811050699,3436
wind,2d9b1c98-16ec-4681-9d23-0769a49aedaa,Cảng Tư Hiền,0,high_water_p90,0.5470468882727341,626,0.05157197680738572,620
wind,2d9b1c98-16ec-4681-9d23-0769a49aedaa,Cảng Tư Hiền,1,all,0.28963405315526175,3442,0.08191805425569171,3436
wind,2d9b1c98-16ec-4681-9d23-0769a49aedaa,Cảng Tư Hiền,1,high_water_p90,0.5462582289279845,626,0.07744875750944041,620
wind,2d9b1c98-16ec-4681-9d23-0769a49aedaa,Cảng Tư Hiền,2,all,0.30188316483236155,3442,0.1068617465140626,3436
wind,2d9b1c98-16ec-4681-9d23-0769a49aedaa,Cảng Tư Hiền,2,high_water_p90,0.5408934835004693,627,0.09675208262809765,621
wind,2d9b1c98-16ec-4681-9d23-0769a49aedaa,Cảng Tư Hiền,3,all,0.3140702812172249,3442,0.12657837470501027,3436
wind,2d9b1c98-16ec-4681-9d23-0769a49aedaa,Cảng Tư Hiền,3,high_water_p90,0.5443499837302844,628,0.10706984499482482,622
wind,2d9b1c98-16ec-4681-9d23-0769a49aedaa,Cảng Tư Hiền,6,all,0.33688041718721823,3442,0.12845725415383,3436
wind,2d9b1c98-16ec-4681-9d23-0769a49aedaa,Cảng Tư Hiền,6,high_water_p90,0.567471869001589,631,0.09740321755092643,625
wind,2d9b1c98-16ec-4681-9d23-0769a49aedaa,Cảng Tư Hiền,12,all,0.3341479945225552,3442,-0.0028982044815228244,3436
wind,2d9b1c98-16ec-4681-9d23-0769a49aedaa,Cảng Tư Hiền,12,high_water_p90,0.6222739457875432,634,0.013660087974621413,628
wind,2d9b1c98-16ec-4681-9d23-0769a49aedaa,Cảng Tư Hiền,24,all,0.27981706873345874,3442,-0.053098127458393915,3436
wind,2d9b1c98-16ec-4681-9d23-0769a49aedaa,Cảng Tư Hiền,24,high_water_p90,0.6065775769232528,643,-0.22179915009606022,637
wind,2d9b1c98-16ec-4681-9d23-0769a49aedaa,Cảng Tư Hiền,48,all,0.14053990379787867,3442,-0.06696278833235174,3436
wind,2d9b1c98-16ec-4681-9d23-0769a49aedaa,Cảng Tư Hiền,48,high_water_p90,0.28867973523680246,651,-0.2741288281284358,645
wind,63586eaa-f1cc-11f0-8f75-0692ec44dcd5,Cảng Chân Mây,0,all,0.12530393855940383,667,-0.06575371412392962,667
wind,63586eaa-f1cc-11f0-8f75-0692ec44dcd5,Cảng Chân Mây,0,high_water_p90,0.044070862941137004,54,-0.2502349460798629,54
wind,63586eaa-f1cc-11f0-8f75-0692ec44dcd5,Cảng Chân Mây,1,all,0.14499705714471164,666,-0.01837198340340609,666
wind,63586eaa-f1cc-11f0-8f75-0692ec44dcd5,Cảng Chân Mây,1,high_water_p90,0.009444578906308038,54,-0.2154960681713891,54
wind,63586eaa-f1cc-11f0-8f75-0692ec44dcd5,Cảng Chân Mây,2,all,0.16985552672289062,665,0.031395369672270274,665
wind,63586eaa-f1cc-11f0-8f75-0692ec44dcd5,Cảng Chân Mây,2,high_water_p90,0.006092395324481749,55,-0.1843880215614194,55
wind,63586eaa-f1cc-11f0-8f75-0692ec44dcd5,Cảng Chân Mây,3,all,0.19435272821515026,664,0.07319130609327419,664
wind,63586eaa-f1cc-11f0-8f75-0692ec44dcd5,Cảng Chân Mây,3,high_water_p90,0.03395679614999753,56,-0.1561795987964669,56
wind,63586eaa-f1cc-11f0-8f75-0692ec44dcd5,Cảng Chân Mây,6,all,0.2593493928400219,661,0.1409690625251022,661
wind,63586eaa-f1cc-11f0-8f75-0692ec44dcd5,Cảng Chân Mây,6,high_water_p90,0.1796924430688842,59,-0.03644152135585879,59
wind,63586eaa-f1cc-11f0-8f75-0692ec44dcd5,Cảng Chân Mây,12,all,0.4194148068092934,655,0.18084043768636493,655
wind,63586eaa-f1cc-11f0-8f75-0692ec44dcd5,Cảng Chân Mây,12,high_water_p90,0.4229751919932615,62,0.0212414157703281,62
wind,63586eaa-f1cc-11f0-8f75-0692ec44dcd5,Cảng Chân Mây,24,all,0.2703061459922735,643,-0.13339242735923526,643
wind,63586eaa-f1cc-11f0-8f75-0692ec44dcd5,Cảng Chân Mây,24,high_water_p90,0.4672975833832212,71,-0.5138020428682201,71
wind,63586eaa-f1cc-11f0-8f75-0692ec44dcd5,Cảng Chân Mây,48,all,0.06743884567776612,619,-0.1373890728287824,619
wind,63586eaa-f1cc-11f0-8f75-0692ec44dcd5,Cảng Chân Mây,48,high_water_p90,-0.10655285314979487,79,-0.26745084708462025,79
wind,63604a34-f1cc-11f0-8f75-0692ec44dcd5,VPTT PCTTHUE,0,all,0.07506209234900972,667,-0.009557545041191384,667
wind,63604a34-f1cc-11f0-8f75-0692ec44dcd5,VPTT PCTTHUE,0,high_water_p90,0.39849361757801877,54,-0.23907357088507317,54
wind,63604a34-f1cc-11f0-8f75-0692ec44dcd5,VPTT PCTTHUE,1,all,0.08838281741216555,666,0.016260010241966924,666
wind,63604a34-f1cc-11f0-8f75-0692ec44dcd5,VPTT PCTTHUE,1,high_water_p90,0.36187768681751276,54,-0.29580690871202675,54
wind,63604a34-f1cc-11f0-8f75-0692ec44dcd5,VPTT PCTTHUE,2,all,0.10238026134027307,665,0.033059898508677285,665
wind,63604a34-f1cc-11f0-8f75-0692ec44dcd5,VPTT PCTTHUE,2,high_water_p90,0.3253470608224727,55,-0.35608545386733137,55
wind,63604a34-f1cc-11f0-8f75-0692ec44dcd5,VPTT PCTTHUE,3,all,0.11675115234578802,664,0.047193992157915705,664
wind,63604a34-f1cc-11f0-8f75-0692ec44dcd5,VPTT PCTTHUE,3,high_water_p90,0.37582348915936675,56,-0.3325548223154414,56
wind,63604a34-f1cc-11f0-8f75-0692ec44dcd5,VPTT PCTTHUE,6,all,0.17989428409767516,661,0.11023346196464145,661
wind,63604a34-f1cc-11f0-8f75-0692ec44dcd5,VPTT PCTTHUE,6,high_water_p90,0.46442546821889713,59,-0.2773792610823217,59
wind,63604a34-f1cc-11f0-8f75-0692ec44dcd5,VPTT PCTTHUE,12,all,0.35243896809068254,655,0.19228278136325272,655
wind,63604a34-f1cc-11f0-8f75-0692ec44dcd5,VPTT PCTTHUE,12,high_water_p90,0.6329932197362216,62,-0.05613957567475449,62
wind,63604a34-f1cc-11f0-8f75-0692ec44dcd5,VPTT PCTTHUE,24,all,0.08599115522372928,643,-0.08851056989167848,643
wind,63604a34-f1cc-11f0-8f75-0692ec44dcd5,VPTT PCTTHUE,24,high_water_p90,0.40583820245985736,71,-0.5273516137050146,71
wind,63604a34-f1cc-11f0-8f75-0692ec44dcd5,VPTT PCTTHUE,48,all,-0.01847602547944703,619,-0.052669009344473494,619
wind,63604a34-f1cc-11f0-8f75-0692ec44dcd5,VPTT PCTTHUE,48,high_water_p90,-0.12773601364704204,79,-0.049202641098668266,79
