horizon_minutes,model,subset,n,mae,rmse,r2,nse,peak_absolute_error,peak_timing_error_minutes
60,persistence,all_test,6889,26.273856873276234,37.10739781060699,0.9327211291149275,0.9327211291149275,0.0,60.0
60,persistence,high_water_test,480,51.52229166666667,62.24923677577635,0.8825584689344472,0.8825584689344472,,
60,seasonal_24h,all_test,6745,62.62667160859897,99.3363514258673,0.5255246290028437,0.5255246290028437,0.0,1500.0
60,seasonal_24h,high_water_test,480,225.696875,275.2413840234907,-1.2960487688362385,-1.2960487688362385,,
60,ridge_selected_stations,all_test,6891,21.025226852630645,28.989583667024505,0.9589260182011466,0.9589260182011466,12.352103615961823,70.0
60,ridge_selected_stations,high_water_test,480,42.076241427626854,51.21513695482547,0.9205030770002743,0.9205030770002743,,
60,hist_gradient_boosting_selected_stations,all_test,6891,53.23038338609152,61.319950997610476,0.8162249929899728,0.8162249929899728,139.48183896825094,100.0
60,hist_gradient_boosting_selected_stations,high_water_test,480,74.04432610092508,91.7112601011116,0.7450829032327251,0.7450829032327251,,
60,ridge_all_rain_stations,all_test,6891,26.626931836451366,35.82730665515542,0.9372648166371308,0.9372648166371308,158.00922343607886,30.0
60,ridge_all_rain_stations,high_water_test,480,51.031850661830354,64.89239593665634,0.8723733819573528,0.8723733819573528,,
60,hist_gradient_boosting_all_rain_stations,all_test,6891,42.70845262778133,53.80593523455244,0.858504307559246,0.858504307559246,226.3377122367699,120.0
60,hist_gradient_boosting_all_rain_stations,high_water_test,480,77.58351326676674,102.79048603808008,0.6797718682712084,0.6797718682712084,,
180,persistence,all_test,6877,66.52860258833795,95.01820362394501,0.5592883272914986,0.5592883272914986,0.0,180.0
180,persistence,high_water_test,480,145.29124999999996,164.46835891238575,0.47077948912861356,0.47077948912861356,,
180,seasonal_24h,all_test,6733,83.903430862914,124.26211544281499,0.25885183235019704,0.25885183235019704,0.0,1620.0
180,seasonal_24h,high_water_test,480,264.40333333333336,321.14312573731564,-1.0177586135274845,-1.0177586135274845,,
180,ridge_selected_stations,all_test,6879,60.27601122290166,80.43830050664577,0.6840743940979295,0.6840743940979295,54.1334325882392,20.0
180,ridge_selected_stations,high_water_test,480,134.40479861767014,151.94069440110252,0.5483311254168812,0.5483311254168812,,
180,hist_gradient_boosting_selected_stations,all_test,6879,151.47189634831994,177.94502124143673,-0.5460756387183254,-0.5460756387183254,1111.2027429027555,260.0
180,hist_gradient_boosting_selected_stations,high_water_test,480,274.25617933429396,369.0167634220383,-1.6641835384164008,-1.6641835384164008,,
180,ridge_all_rain_stations,all_test,6879,77.82531786312823,100.67748184395829,0.5050928327741105,0.5050928327741105,223.1581508008146,90.0
180,ridge_all_rain_stations,high_water_test,480,143.0544235723754,174.90851333705194,0.40145908034888245,0.40145908034888245,,
180,hist_gradient_boosting_all_rain_stations,all_test,6879,138.61206681459333,167.69130845779404,-0.37303042662507324,-0.37303042662507324,1036.775331712988,250.0
180,hist_gradient_boosting_all_rain_stations,high_water_test,480,272.66022891580707,358.8430731201259,-1.5193069473932286,-1.5193069473932286,,
360,persistence,all_test,6859,100.66508237352384,140.0860245880408,0.043895680594046804,0.043895680594046804,0.0,360.0
360,persistence,high_water_test,480,241.83812499999996,270.856624703612,0.02053389994091792,0.02053389994091792,,
360,seasonal_24h,all_test,6715,114.60111690245718,164.74960782722857,-0.2995759735123842,-0.2995759735123842,0.0,1800.0
360,seasonal_24h,high_water_test,480,333.02770833333335,399.7481887857655,-1.1334550367664593,-1.1334550367664593,,
360,ridge_selected_stations,all_test,6861,96.38571017052453,128.70667651836698,0.1927831905410684,0.1927831905410684,240.4560649915859,730.0
360,ridge_selected_stations,high_water_test,480,226.49551243293814,266.96882485324073,0.048450063403086774,0.048450063403086774,,
360,hist_gradient_boosting_selected_stations,all_test,6861,696.973713913444,709.4746988969677,-23.52798487585524,-23.52798487585524,1377.6067034438909,460.0
360,hist_gradient_boosting_selected_stations,high_water_test,480,618.1082867675772,690.5854246077256,-5.367153220543181,-5.367153220543181,,
360,ridge_all_rain_stations,all_test,6861,122.18416775620902,158.8170428065601,-0.22908595309102742,-0.22908595309102742,752.2397356901006,280.0
360,ridge_all_rain_stations,high_water_test,480,247.59383897468402,303.09818916740704,-0.22652715686298341,-0.22652715686298341,,
360,hist_gradient_boosting_all_rain_stations,all_test,6861,655.4426606849164,668.4593908766684,-20.773994190771624,-20.773994190771624,1425.0099673940178,420.0
360,hist_gradient_boosting_all_rain_stations,high_water_test,480,590.1860095665577,667.1639881374208,-4.9425887612710815,-4.9425887612710815,,
