file,rows,columns,duplicate_rows,timestamp_column,start,end
rain_observations.csv,2603597,4,0,time_point,2025-10-31 15:10:00+00:00,2026-09-30 04:00:00+00:00
rain_stations.csv,55,12,0,,,
reservoir_observations.csv,39894,26,0,ngaylaysolieu,2023-01-27 07:00:00+00:00,2026-10-19 13:00:00+00:00
reservoirs.csv,19,17,0,,,
water_level_observations.csv,742682,4,0,time_point,2025-11-14 18:50:00+00:00,2026-09-30 04:00:00+00:00
water_level_stations.csv,17,14,0,date_created,2026-09-29 23:00:00.890000+00:00,2026-09-29 23:00:00.906000+00:00
wind_observations.csv,95974,9,0,time_point,2025-11-05 20:44:00+00:00,2026-09-30 04:10:00+00:00
wind_stations.csv,4,11,0,date_created,2026-08-25 23:00:00.718000+00:00,2026-08-25 23:00:00.728000+00:00
hydrology_training_10min.csv,45992,25,0,timestamp_utc,2025-11-14 18:50:00+00:00,2026-09-30 04:00:00+00:00
