file,series_id,variable,count,missing_ratio,mean,std,min,max,zero_ratio_of_valid,p1,p5,p25,p50,p75,p90,p95,p99,p99.5,p99.9
rain_observations.csv,14690,depth,47902,0.0,0.08901089724854913,0.5360613333586999,0.0,20.4,0.908667696547117,0.0,0.0,0.0,0.0,0.0,0.0,0.4,2.2,3.6,7.2
rain_observations.csv,14696,depth,48028,0.0,0.03618722411926376,0.2817978934839602,0.0,11.2,0.9403264762222037,0.0,0.0,0.0,0.0,0.0,0.0,0.2,0.8,1.4,4.194599999999627
rain_observations.csv,14699,depth,47839,0.0,0.0826187838374548,0.5042919085224649,0.0,15.2,0.909906143523067,0.0,0.0,0.0,0.0,0.0,0.0,0.4,2.0,3.4,7.032399999999325
rain_observations.csv,228005,depth,27382,0.0,0.035936016361113134,0.4802364409164824,0.0,18.2,0.9788912424220291,0.0,0.0,0.0,0.0,0.0,0.0,0.0,0.6,1.8,7.7237999999997555
rain_observations.csv,228006,depth,36052,0.0,0.027865305669588378,0.3051564885121238,0.0,17.0,0.9707644513480528,0.0,0.0,0.0,0.0,0.0,0.0,0.0,0.6,1.4,4.6
rain_observations.csv,567011,depth,47932,0.0,0.04931152465993491,0.42247886977725857,0.0,19.6,0.9428982725527831,0.0,0.0,0.0,0.0,0.0,0.0,0.2,1.2,2.069000000000233,6.8
rain_observations.csv,677493,depth,48028,0.0,0.08532106271341718,0.6347232625567378,0.0,22.2,0.9144873823602898,0.0,0.0,0.0,0.0,0.0,0.0,0.2,2.0,3.8,10.394599999999627
rain_observations.csv,677851,depth,48000,0.0,0.037275,0.32076634996816844,0.0,17.8,0.946875,0.0,0.0,0.0,0.0,0.0,0.0,0.2,0.8,1.6,4.6
rain_observations.csv,678628,depth,48028,0.0,0.09149246273007414,0.6665609441063557,0.0,21.0,0.9173607062546848,0.0,0.0,0.0,0.0,0.0,0.0,0.2,2.2,4.2,10.394599999999627
rain_observations.csv,681524,depth,48022,0.0,0.0534213485485819,0.4499375316132792,0.0,20.4,0.9378826371246513,0.0,0.0,0.0,0.0,0.0,0.0,0.2,1.2,2.2,6.995799999999872
rain_observations.csv,682816,depth,47914,0.0,0.07909588011854572,0.5899463539607281,0.0,22.6,0.9186041657970531,0.0,0.0,0.0,0.0,0.0,0.0,0.2,1.8,3.4,9.017399999999906
rain_observations.csv,750001,depth,46446,0.0,0.04058907117943418,0.3741237721661488,0.0,13.2,0.9503078844249235,0.0,0.0,0.0,0.0,0.0,0.0,0.0,1.0,1.8,6.311000000000059
rain_observations.csv,750002,depth,48024,0.0,0.03650258204231218,0.36969208787414054,0.0,25.2,0.9525029152090622,0.0,0.0,0.0,0.0,0.0,0.0,0.0,0.8,1.6,5.0
rain_observations.csv,750003,depth,47910,0.0,0.07242746816948446,0.5238760046849866,0.0,17.6,0.9258401168858276,0.0,0.0,0.0,0.0,0.0,0.0,0.2,1.6,3.4,7.8
rain_observations.csv,750005,depth,48028,0.0,0.06446239693512118,0.46005592571740656,0.0,20.6,0.9207129174648122,0.0,0.0,0.0,0.0,0.0,0.0,0.2,1.6,2.8,7.194599999999627
rain_observations.csv,750006,depth,46780,0.0,0.049615220179563914,0.3781185293302371,0.0,16.0,0.9232578024796921,0.0,0.0,0.0,0.0,0.0,0.0,0.2,1.0,2.0,5.6
rain_observations.csv,750007,depth,48028,0.0,0.07649704339135505,0.5639408042470601,0.0,19.0,0.9222953277254935,0.0,0.0,0.0,0.0,0.0,0.0,0.2,1.8,3.4,8.994599999999627
rain_observations.csv,750008,depth,48028,0.0,0.06933871908053635,0.46363698752814875,0.0,16.0,0.9094694761389189,0.0,0.0,0.0,0.0,0.0,0.0,0.2,1.6,3.0,7.4
rain_observations.csv,750009,depth,46559,0.0,0.05848493309564209,0.5083331009294065,0.0,19.2,0.946304688674585,0.0,0.0,0.0,0.0,0.0,0.0,0.2,1.4,2.6,8.2
rain_observations.csv,750010,depth,48026,0.0,0.05264231874401366,0.4568308478247009,0.0,25.6,0.9436971640361471,0.0,0.0,0.0,0.0,0.0,0.0,0.2,1.2,2.4,6.594999999999708
rain_observations.csv,750011,depth,48028,0.0,0.0723203131506621,0.5059383060612255,0.0,17.6,0.9246481219288748,0.0,0.0,0.0,0.0,0.0,0.0,0.2,1.8,3.2,8.0
rain_observations.csv,750012,depth,45836,0.0,0.04168775634872153,0.32147333982451937,0.0,16.8,0.9444541408499869,0.0,0.0,0.0,0.0,0.0,0.0,0.2,1.2,1.8,4.8
rain_observations.csv,750013,depth,41836,0.0,0.01707142174204035,0.10586794494212265,0.0,5.8,0.937613538579214,0.0,0.0,0.0,0.0,0.0,0.0,0.2,0.2,0.4,1.4
rain_observations.csv,750014,depth,47263,0.0,0.06809555043056938,0.5750508250659626,0.0,26.6,0.9373717284133466,0.0,0.0,0.0,0.0,0.0,0.0,0.2,1.6,3.0,9.0
rain_observations.csv,750015,depth,47278,0.0,0.06383518761368924,0.47775804860227017,0.0,24.0,0.9263928254156267,0.0,0.0,0.0,0.0,0.0,0.0,0.2,1.6,2.6,7.4
rain_observations.csv,750016,depth,47992,0.0,0.04132355392565428,0.3689171097719532,0.0,15.8,0.9486164360726788,0.0,0.0,0.0,0.0,0.0,0.0,0.2,1.0,1.8,5.8
rain_observations.csv,750021,depth,48028,0.0,0.057612226201382524,0.4585445694850097,0.0,13.2,0.9478221037727992,0.0,0.0,0.0,0.0,0.0,0.0,0.2,1.6,3.0,7.3945999999996275
rain_observations.csv,750022,depth,46754,0.0,0.052543097916755786,0.4731627791178029,0.0,24.4,0.9462291996406724,0.0,0.0,0.0,0.0,0.0,0.0,0.2,1.2,2.4,7.0
rain_observations.csv,750023,depth,47479,0.0,0.037936772046589025,0.3553064096292872,0.0,17.0,0.9468396554266096,0.0,0.0,0.0,0.0,0.0,0.0,0.2,0.8,1.4,5.2
rain_observations.csv,750024,depth,47761,0.0,0.04859194740478633,0.3972757895228666,0.0,15.6,0.9420238269717971,0.0,0.0,0.0,0.0,0.0,0.0,0.2,1.2,2.0,6.4
rain_observations.csv,750025,depth,47705,0.0,0.04213394822345666,0.37635636429850455,0.0,22.2,0.9426475212241904,0.0,0.0,0.0,0.0,0.0,0.0,0.2,0.8,1.6,6.0
rain_observations.csv,750026,depth,48027,0.0,0.08641805650987985,0.6708345238914151,0.0,23.6,0.9223978178941012,0.0,0.0,0.0,0.0,0.0,0.0,0.2,2.0,4.0,10.594800000000395
rain_observations.csv,750027,depth,45111,0.0,0.03897053933630378,0.3355732328895426,0.0,17.4,0.9520516060384385,0.0,0.0,0.0,0.0,0.0,0.0,0.0,1.0,1.8,4.8
rain_observations.csv,750028,depth,47512,0.0,0.0787422124936858,0.6056605713054075,0.0,23.0,0.921514564741539,0.0,0.0,0.0,0.0,0.0,0.0,0.2,1.8,3.6,10.0
rain_observations.csv,750029,depth,47779,0.0,0.06835639088302392,0.5091919126798363,0.0,17.8,0.9274576696875196,0.0,0.0,0.0,0.0,0.0,0.0,0.2,1.8,3.2,8.244400000000313
rain_observations.csv,750030,depth,48028,0.0,0.11212209544432414,0.6121149474855442,0.0,17.2,0.8974140084950446,0.0,0.0,0.0,0.0,0.0,0.2,0.4,2.6,4.2,8.2
rain_observations.csv,750031,depth,27994,0.0,0.08090305065371152,0.5938482057346585,0.0,17.2,0.9147674501678931,0.0,0.0,0.0,0.0,0.0,0.0,0.2,1.613999999999942,3.4,10.0
rain_observations.csv,750032,depth,48027,0.0,0.03516355383430154,0.29872700772161703,0.0,14.6,0.9493409956899245,0.0,0.0,0.0,0.0,0.0,0.0,0.2,0.8,1.6,4.2
rain_observations.csv,750033,depth,48011,0.0,0.04589364937201892,0.3870093713991892,0.0,16.2,0.942284059902939,0.0,0.0,0.0,0.0,0.0,0.0,0.2,1.0,2.0,5.8
rain_observations.csv,750034,depth,48027,0.0,0.05206238157702959,0.434047925624281,0.0,19.8,0.943823266079497,0.0,0.0,0.0,0.0,0.0,0.0,0.2,1.2,2.4,6.2
rain_observations.csv,750035,depth,47951,0.0,0.055097912452295054,0.4607259836592583,0.0,19.8,0.9429208984171341,0.0,0.0,0.0,0.0,0.0,0.0,0.2,1.4,2.4,7.4
rain_observations.csv,750040,depth,47202,0.0,0.0424558281428753,0.39224162031301996,0.0,15.8,0.948074234142621,0.0,0.0,0.0,0.0,0.0,0.0,0.2,1.0,1.8,5.8
rain_observations.csv,750041,depth,48025,0.0,0.10990942217595003,0.7156436875971072,0.0,19.4,0.916668401874024,0.0,0.0,0.0,0.0,0.0,0.0,0.4,2.8,5.2,10.195200000000476
rain_observations.csv,750042,depth,47894,0.0,0.06604585125485446,0.5596075997693727,0.0,25.6,0.9360880277278991,0.0,0.0,0.0,0.0,0.0,0.0,0.2,1.6,3.0,8.221399999999266
rain_observations.csv,750045,depth,48028,0.0,0.030632131256766882,0.27049023990048476,0.0,11.4,0.9554634796368785,0.0,0.0,0.0,0.0,0.0,0.0,0.0,0.8,1.4,4.4
rain_observations.csv,750046,depth,48028,0.0,0.034942117098359295,0.31596626279380713,0.0,17.4,0.9537353210627134,0.0,0.0,0.0,0.0,0.0,0.0,0.0,0.8,1.6,4.6
rain_observations.csv,750047,depth,47267,0.0,0.05515899041614657,0.44450764838041684,0.0,22.4,0.9379270950134343,0.0,0.0,0.0,0.0,0.0,0.0,0.2,1.2,2.8,6.4
rain_observations.csv,750059,depth,48022,0.0,0.028374495023114402,0.2801624752494155,0.0,12.8,0.963370954978968,0.0,0.0,0.0,0.0,0.0,0.0,0.0,0.6,1.4,4.2
rain_observations.csv,750061,depth,48017,0.0,0.09068871441364518,0.6934237752464985,0.0,26.4,0.9203407126642648,0.0,0.0,0.0,0.0,0.0,0.0,0.2,2.0,4.4,10.996799999999348
rain_observations.csv,750062,depth,48006,0.0,0.07868599758363538,0.5697760577803695,0.0,21.0,0.9213015039786693,0.0,0.0,0.0,0.0,0.0,0.0,0.2,1.8,3.4,9.2
rain_observations.csv,750063,depth,46315,0.0,0.05900032386915686,0.5716468723922059,0.0,28.2,0.9449638346108172,0.0,0.0,0.0,0.0,0.0,0.0,0.2,1.4,2.6,8.874400000000605
rain_observations.csv,750064,depth,47191,0.0,0.03312072217160052,0.3043442020641521,0.0,16.6,0.9565171325040792,0.0,0.0,0.0,0.0,0.0,0.0,0.0,0.8,1.6,4.0
rain_observations.csv,750065,depth,41347,0.0,0.057672866229714376,0.5137068940254732,0.0,18.6,0.9477833942003048,0.0,0.0,0.0,0.0,0.0,0.0,0.2,1.4,2.6,8.4
rain_observations.csv,750066,depth,48028,0.0,0.20934454901307573,1.0565500670343202,0.0,39.6,0.8601649038061131,0.0,0.0,0.0,0.0,0.0,0.2,1.0,4.8,7.4,13.194599999999626
rain_observations.csv,958573,depth,48024,0.0,0.11046976511744129,0.7560564974104063,0.0,40.4,0.8919498584041312,0.0,0.0,0.0,0.0,0.0,0.2,0.4,2.4,4.4,10.8
rain_observations.csv,959428,depth,46820,0.0,0.07865014950875694,0.5630388292485787,0.0,22.2,0.9160828705681333,0.0,0.0,0.0,0.0,0.0,0.0,0.2,1.8,3.4,8.2
reservoir_observations.csv,1,htl,4690,0.0,58.024730703624726,143.6523961544487,20.91,5784.0,0.0,47.0189,48.3,51.25,55.22,57.25,57.9,58.0,58.0,58.0,123.4
reservoir_observations.csv,2,htl,2534,0.0,81.98108879242304,163.8074628451931,51.589,8317.0,0.0,57.96,60.546,75.935,81.2,83.71,84.93,85.0,85.0,85.0,86.78329000000018
reservoir_observations.csv,3,htl,2257,0.0,53.96072840053168,715.3470431416038,11.0,34021.0,0.0,22.93,25.448,34.54,40.93,44.48,45.41,45.9,47.05,47.40039999999999,101.48096000001027
reservoir_observations.csv,4,htl,2937,0.0,0.9388665304732721,12.447028371265784,-0.14,601.98,0.00034048348655090226,0.11,0.2,0.36,0.44,0.53,0.93,1.2519999999999982,1.82,1.87,153.19199999999955
reservoir_observations.csv,5,htl,3026,0.0,570.7034527428949,1008.154167888055,0.0,55999.0,0.00033046926635822867,549.4295,550.74075,552.915,552.997,552.998,552.999,552.999,553.0,553.0,559.7557749999993
reservoir_observations.csv,6,htl,3041,0.0,90.83910555738245,158.3597300686743,8.0,8748.0,0.0,86.24,86.27,86.6,87.46,88.19,88.96,89.56,91.372,92.60000000000002,112.33720000000055
reservoir_observations.csv,7,htl,1136,0.0,212.81661091549293,3370.7936718618935,12.5,113724.0,0.0,107.434,108.4975,112.49,113.2,113.72749999999999,114.5,114.5,115.0,115.0,115.7865
reservoir_observations.csv,8,htl,2086,0.0,467.0914333652924,20.469470827992883,0.0,768.06,0.00047938638542665386,466.047,466.9225,467.61,467.96,468.17,468.45,468.72,469.0015,469.10575,486.52574999999996
reservoir_observations.csv,9,htl,423,0.0,163.29042553191488,49.21294997093946,0.0,1160.0,0.002364066193853428,160.0,160.0,160.835,161.4,161.8,162.292,162.708,163.5468,163.77360000000002,739.6879999999746
reservoir_observations.csv,10,htl,4251,0.0,722.2281107974594,1500.6616641999685,1.44,68505.0,0.0,682.92,683.215,683.61,683.97,684.39,684.87,685.105,685.55,685.7874999999999,5097.78
reservoir_observations.csv,11,htl,2336,0.0,654.7208270547945,1743.831895344485,600.19,60098.0,0.0,600.54,600.63,601.08,601.63,601.85,601.99,602.02,602.05,602.06,4204.525199999804
reservoir_observations.csv,12,htl,957,0.0,595.4973490073145,178.43231537325198,0.0,5992.0,0.0010449320794148381,590.048,591.2180000000001,592.15,592.53,592.8,593.0,593.12,593.614,593.8344000000001,835.2977599999068
reservoir_observations.csv,13,htl,4181,0.0,289.7148170294188,431.862677188554,99.05,28201.0,0.0,279.0,281.0,282.2,283.4,283.9,284.2,284.4,285.0,285.2,285.8
reservoir_observations.csv,14,htl,1097,0.0,158.70631722880586,0.5778707467972329,155.58,169.7,0.0,157.7788,157.99,158.36,158.7,158.94,159.29,159.542,159.96,160.076,160.5
reservoir_observations.csv,15,htl,2221,0.0,102.64845565060783,206.45729995036285,0.0,9827.0,0.00045024763619990995,94.51400000000001,95.39,97.95,98.78,99.27,99.46,99.48,99.49,99.49,99.93600000000005
reservoir_observations.csv,16,htl,155,0.8873546511627907,0.0,0.0,0.0,0.0,1.0,0.0,0.0,0.0,0.0,0.0,0.0,0.0,0.0,0.0,0.0
reservoir_observations.csv,17,htl,137,0.8981412639405204,3.5408759124087594,23.751624726917374,0.0,161.75,0.9781021897810219,0.0,0.0,0.0,0.0,0.0,0.0,0.0,161.682,161.71599999999998,161.7432
reservoir_observations.csv,1,hhl,111,0.9763326226012793,6.081081081081081,64.0681647132937,0.0,675.0,0.990990990990991,0.0,0.0,0.0,0.0,0.0,0.0,0.0,0.0,303.75000000000193,600.7500000000003
reservoir_observations.csv,2,hhl,116,0.9542225730071034,2.0689655172413794,22.283440581246225,0.0,240.0,0.9913793103448276,0.0,0.0,0.0,0.0,0.0,0.0,0.0,0.0,101.99999999999932,212.40000000000123
reservoir_observations.csv,3,hhl,116,0.948604342046965,7.0344827586206895,53.392383601845836,0.0,426.0,0.9827586206896551,0.0,0.0,0.0,0.0,0.0,0.0,0.0,331.4999999999978,405.2999999999999,421.8600000000002
reservoir_observations.csv,4,hhl,2937,0.0,0.46426012938372485,4.493470905324336,-0.35,171.0,0.03983656792645557,-0.24,-0.12199999999999989,0.02,0.2,0.45,0.87,1.2,1.71,1.74,58.319999999999254
reservoir_observations.csv,5,hhl,99,0.9672835426305354,1.101010101010101,7.722872138739932,0.0,58.0,0.9797979797979798,0.0,0.0,0.0,0.0,0.0,0.0,0.0,51.13999999999997,54.570000000000036,57.31400000000001
reservoir_observations.csv,6,hhl,102,0.9664584018414996,2.1176470588235294,21.38718692829616,0.0,216.0,0.9901960784313726,0.0,0.0,0.0,0.0,0.0,0.0,0.0,0.0,106.92000000000098,194.1840000000002
reservoir_observations.csv,7,hhl,91,0.9198943661971831,0.0,0.0,0.0,0.0,1.0,0.0,0.0,0.0,0.0,0.0,0.0,0.0,0.0,0.0,0.0
reservoir_observations.csv,8,hhl,100,0.9520613614573347,12.0693,51.05390376263152,0.0,468.99,0.85,0.0,0.0,0.0,0.0,0.0,32.92500000000002,51.90649999999998,123.48990000000178,296.23994999999843,434.4399899999987
reservoir_observations.csv,9,hhl,85,0.7990543735224587,0.0,0.0,0.0,0.0,1.0,0.0,0.0,0.0,0.0,0.0,0.0,0.0,0.0,0.0,0.0
reservoir_observations.csv,10,hhl,89,0.9790637497059516,0.0,0.0,0.0,0.0,1.0,0.0,0.0,0.0,0.0,0.0,0.0,0.0,0.0,0.0,0.0
reservoir_observations.csv,11,hhl,87,0.9627568493150684,0.0,0.0,0.0,0.0,1.0,0.0,0.0,0.0,0.0,0.0,0.0,0.0,0.0,0.0,0.0
reservoir_observations.csv,12,hhl,90,0.9059561128526645,0.0,0.0,0.0,0.0,1.0,0.0,0.0,0.0,0.0,0.0,0.0,0.0,0.0,0.0,0.0
reservoir_observations.csv,13,hhl,82,0.9803874671131309,0.0,0.0,0.0,0.0,1.0,0.0,0.0,0.0,0.0,0.0,0.0,0.0,0.0,0.0,0.0
reservoir_observations.csv,14,hhl,81,0.92616226071103,0.0,0.0,0.0,0.0,1.0,0.0,0.0,0.0,0.0,0.0,0.0,0.0,0.0,0.0,0.0
reservoir_observations.csv,15,hhl,72,0.9675821701936065,0.0,0.0,0.0,0.0,1.0,0.0,0.0,0.0,0.0,0.0,0.0,0.0,0.0,0.0,0.0
reservoir_observations.csv,16,hhl,155,0.8873546511627907,0.0,0.0,0.0,0.0,1.0,0.0,0.0,0.0,0.0,0.0,0.0,0.0,0.0,0.0,0.0
reservoir_observations.csv,17,hhl,137,0.8981412639405204,0.0,0.0,0.0,0.0,1.0,0.0,0.0,0.0,0.0,0.0,0.0,0.0,0.0,0.0,0.0
reservoir_observations.csv,1,qden,4690,0.0,377.3526230277186,614.8389302809284,0.0,7865.0,0.00021321961620469082,5.0,12.0,67.0,158.0,468.0,943.0,1500.5500000000002,2980.509999999954,4360.3000000000175,5364.271999999954
reservoir_observations.csv,2,qden,2533,0.0003946329913180742,303.1320457954994,539.2334002431062,1.0,6512.0,0.0,1.81176,5.146000000000001,36.65,110.0,346.0,754.2000000000007,1222.4000000000005,2603.399999999999,3677.480000000003,5360.059999999917
reservoir_observations.csv,3,qden,2257,0.0,225.83666681435534,542.1305705706673,0.4,6236.55,0.0,5.00768,8.89,27.22,66.11,165.56,538.5740000000001,987.1439999999999,2779.200000000007,3823.20879999993,6038.764800000026
reservoir_observations.csv,4,qden,115,0.9608443990466462,0.0,0.0,0.0,0.0,1.0,0.0,0.0,0.0,0.0,0.0,0.0,0.0,0.0,0.0,0.0
reservoir_observations.csv,5,qden,3026,0.0,113.41065333773959,277.70109061528393,2.2,11572.0,0.0,4.1,8.1,47.7,51.4,104.7,267.5,376.85,985.75,1229.5875,1910.4799999999782
reservoir_observations.csv,6,qden,3041,0.0,53.681348240710285,141.97579727127166,1.5,2050.0,0.0,1.5,4.3,5.5,13.0,35.5,127.0,236.0,709.7999999999997,942.6000000000049,1674.0000000000055
reservoir_observations.csv,7,qden,1136,0.0,48.31603873239436,53.68195593262865,1.25,800.0,0.0,11.0,12.0,18.0,28.0,60.0,95.0,140.5,240.0,266.2500000000023,520.0
reservoir_observations.csv,8,qden,2038,0.023010546500479387,10.891751717369972,23.92303399541101,0.0,320.53,0.05446516192345437,0.0,0.0,1.35,4.32,11.58,21.406,35.22649999999993,125.83029999999967,171.0941,244.33691999999942
reservoir_observations.csv,9,qden,423,0.0,131.31702127659574,151.26089392005724,0.0,1027.0,0.002364066193853428,1.58,8.61,34.0,80.0,166.0,295.0,454.29999999999984,763.6799999999985,831.7999999999997,982.2679999999973
reservoir_observations.csv,10,qden,4251,0.0,2.0453481533756768,11.310909652114198,0.12,684.02,0.0,0.22,0.35,0.51,0.82,1.57,3.5,5.7,21.25,34.8875,56.292500000000004
reservoir_observations.csv,11,qden,2336,0.0,35.23656678082192,84.84660876420529,2.0,1350.0,0.0,3.0,3.0,5.0,12.0,23.0,68.5,152.75,476.8500000000008,561.3749999999936,753.3249999999998
reservoir_observations.csv,12,qden,956,0.0010449320794148381,16.85705020920502,12.05587142835195,0.0,88.2,0.14958158995815898,0.0,0.0,9.275,16.6,22.825,29.65,35.849999999999994,61.0350000000001,73.44500000000001,87.30229999999996
reservoir_observations.csv,13,qden,4135,0.011002152595072949,17.41511970979444,21.836722515004983,0.0,295.0,0.02176541717049577,0.0,1.0,5.0,14.0,21.0,39.0,55.0,116.59999999999854,137.0,213.72199999999975
reservoir_observations.csv,14,qden,1097,0.0,73.54511394712853,76.01859203181066,2.2,620.0,0.0,4.488,14.5,25.0,50.8,83.2,170.39999999999998,220.06,388.66399999999976,421.83199999999977,534.2959999999998
reservoir_observations.csv,15,qden,2220,0.00045024763619990995,59.09814864864864,71.58253652544929,0.0,1119.12,0.00045045045045045046,1.32,4.265499999999999,29.64,38.2,55.137499999999996,125.358,190.58849999999967,370.4528999999996,454.04005000000086,595.911819999999
reservoir_observations.csv,16,qden,155,0.8873546511627907,0.0,0.0,0.0,0.0,1.0,0.0,0.0,0.0,0.0,0.0,0.0,0.0,0.0,0.0,0.0
reservoir_observations.csv,17,qden,137,0.8981412639405204,3.1386861313868613,21.100662967613626,0.0,154.0,0.9781021897810219,0.0,0.0,0.0,0.0,0.0,0.0,0.0,139.9599999999998,147.87999999999994,152.77600000000004
reservoir_observations.csv,1,qdi,4690,0.0,337.45300000000003,508.6443481838196,0.0,5292.0,0.12707889125799574,0.0,0.0,107.0,194.0,349.5,750.1000000000004,1192.2000000000007,2775.069999999988,3209.7750000000015,4789.176999999998
reservoir_observations.csv,2,qdi,2534,0.0,263.1098808208367,428.93497439883197,0.0,3859.0,0.09431728492501973,0.0,0.0,60.0,86.0,293.0,683.8000000000011,1065.0999999999995,2228.430000000002,2716.135000000003,3704.091000000007
reservoir_observations.csv,3,qdi,2257,0.0,214.54593221089942,411.732338322711,0.0,3550.0,0.0017722640673460345,8.291119999999985,28.0,69.0,80.0,85.0,527.0,955.7759999999997,2311.32,2424.9279999999985,3519.491200000005
reservoir_observations.csv,4,qdi,115,0.9608443990466462,0.0,0.0,0.0,0.0,1.0,0.0,0.0,0.0,0.0,0.0,0.0,0.0,0.0,0.0,0.0
reservoir_observations.csv,5,qdi,3026,0.0,107.85742630535358,173.55424475957406,0.0,2118.3,0.0006609385327164573,1.42,1.43,48.0,50.9,100.125,258.895,368.59999999999997,977.975,1225.8325,1547.237499999999
reservoir_observations.csv,6,qdi,3041,0.0,55.034919105557385,144.27450659893844,0.0,2109.0,0.0003288391976323578,1.44,1.44,1.5,24.26,35.19,126.94,232.51,715.3779999999999,1011.7060000000128,1657.0000000000036
reservoir_observations.csv,7,qdi,1136,0.0,49.35799295774648,47.98638660683431,1.2,500.0,0.0,1.25,1.25,29.25,33.6,55.25,95.25,143.5,234.0,240.58125000000092,486.6687500000009
reservoir_observations.csv,8,qdi,2086,0.0,13.339093959731542,25.01236652974895,0.0,333.2,0.006711409395973154,0.42,0.47,2.68,5.12,12.67,30.61,43.614999999999995,127.56050000000026,177.7152499999991,245.88004999999993
reservoir_observations.csv,9,qdi,423,0.0,131.8702364066194,153.48243850617504,0.0,1027.0,0.002364066193853428,1.5044,1.5210000000000001,34.51,80.0,166.0,295.0,454.29999999999984,772.4799999999996,831.0299999999996,982.2679999999973
reservoir_observations.csv,10,qdi,4251,0.0,5.134377793460361,201.10348727501372,0.0,13111.0,0.0002352387673488591,0.19,0.19,0.2,0.21,3.8,3.91,5.705,22.39,33.75749999999999,52.8125
reservoir_observations.csv,11,qdi,2336,0.0,37.102731164383556,88.30432228011973,2.02,1536.12,0.0,2.02,2.18,9.18,15.26,22.2,66.00999999999999,166.005,508.8000000000029,582.1774999999994,781.194999999997
reservoir_observations.csv,12,qdi,957,0.0,21.065245559038665,21.067645027767046,0.0,593.0,0.0020898641588296763,2.2520000000000007,7.0,15.2,17.9,24.7,31.54,36.81999999999999,61.011999999999865,73.97200000000008,110.41119999999128
reservoir_observations.csv,13,qdi,4181,0.0,18.872528103324566,22.89865584831992,0.0,295.0,0.0014350633819660368,0.24,0.24,6.04,16.0,21.0,39.0,55.0,123.0,137.0,212.93999999999505
reservoir_observations.csv,14,qdi,1097,0.0,74.67227894257064,77.01260699419646,0.0,617.8,0.0027347310847766638,0.71,13.7,27.51,51.28,83.92,172.0,224.8,388.3839999999997,423.52799999999996,554.1353599999998
reservoir_observations.csv,15,qdi,2221,0.0,60.014768122467366,69.54431323052387,0.0,649.26,0.00045024763619990995,1.16,1.3,38.3,39.46,53.72,120.75,188.64,404.42,467.19,606.614000000012
reservoir_observations.csv,16,qdi,155,0.8873546511627907,0.0,0.0,0.0,0.0,1.0,0.0,0.0,0.0,0.0,0.0,0.0,0.0,0.0,0.0,0.0
reservoir_observations.csv,17,qdi,137,0.8981412639405204,3.1386861313868613,21.100662967613626,0.0,154.0,0.9781021897810219,0.0,0.0,0.0,0.0,0.0,0.0,0.0,139.9599999999998,147.87999999999994,152.77600000000004
reservoir_observations.csv,1,socuamo,0,1.0,,,,,,,,,,,,,,,
reservoir_observations.csv,2,socuamo,0,1.0,,,,,,,,,,,,,,,
reservoir_observations.csv,3,socuamo,0,1.0,,,,,,,,,,,,,,,
reservoir_observations.csv,4,socuamo,6,0.9979570990806946,8.166666666666666,7.494442385305705,1.0,15.0,0.0,1.0,1.0,1.25,8.5,15.0,15.0,15.0,15.0,15.0,15.0
reservoir_observations.csv,5,socuamo,0,1.0,,,,,,,,,,,,,,,
reservoir_observations.csv,6,socuamo,0,1.0,,,,,,,,,,,,,,,
reservoir_observations.csv,7,socuamo,0,1.0,,,,,,,,,,,,,,,
reservoir_observations.csv,8,socuamo,0,1.0,,,,,,,,,,,,,,,
reservoir_observations.csv,9,socuamo,0,1.0,,,,,,,,,,,,,,,
reservoir_observations.csv,10,socuamo,0,1.0,,,,,,,,,,,,,,,
reservoir_observations.csv,11,socuamo,0,1.0,,,,,,,,,,,,,,,
reservoir_observations.csv,12,socuamo,0,1.0,,,,,,,,,,,,,,,
reservoir_observations.csv,13,socuamo,0,1.0,,,,,,,,,,,,,,,
reservoir_observations.csv,14,socuamo,0,1.0,,,,,,,,,,,,,,,
reservoir_observations.csv,15,socuamo,0,1.0,,,,,,,,,,,,,,,
reservoir_observations.csv,16,socuamo,0,1.0,,,,,,,,,,,,,,,
reservoir_observations.csv,17,socuamo,0,1.0,,,,,,,,,,,,,,,
reservoir_observations.csv,1,mucnuocsong,111,0.9763326226012793,0.0,0.0,0.0,0.0,1.0,0.0,0.0,0.0,0.0,0.0,0.0,0.0,0.0,0.0,0.0
reservoir_observations.csv,2,mucnuocsong,116,0.9542225730071034,0.0,0.0,0.0,0.0,1.0,0.0,0.0,0.0,0.0,0.0,0.0,0.0,0.0,0.0,0.0
reservoir_observations.csv,3,mucnuocsong,116,0.948604342046965,0.0,0.0,0.0,0.0,1.0,0.0,0.0,0.0,0.0,0.0,0.0,0.0,0.0,0.0,0.0
reservoir_observations.csv,4,mucnuocsong,115,0.9608443990466462,0.0,0.0,0.0,0.0,1.0,0.0,0.0,0.0,0.0,0.0,0.0,0.0,0.0,0.0,0.0
reservoir_observations.csv,5,mucnuocsong,107,0.9646397884996696,0.0,0.0,0.0,0.0,1.0,0.0,0.0,0.0,0.0,0.0,0.0,0.0,0.0,0.0,0.0
reservoir_observations.csv,6,mucnuocsong,109,0.964156527458073,0.0,0.0,0.0,0.0,1.0,0.0,0.0,0.0,0.0,0.0,0.0,0.0,0.0,0.0,0.0
reservoir_observations.csv,7,mucnuocsong,99,0.9128521126760564,0.0,0.0,0.0,0.0,1.0,0.0,0.0,0.0,0.0,0.0,0.0,0.0,0.0,0.0,0.0
reservoir_observations.csv,8,mucnuocsong,108,0.9482262703739214,0.0,0.0,0.0,0.0,1.0,0.0,0.0,0.0,0.0,0.0,0.0,0.0,0.0,0.0,0.0
reservoir_observations.csv,9,mucnuocsong,93,0.7801418439716312,0.0,0.0,0.0,0.0,1.0,0.0,0.0,0.0,0.0,0.0,0.0,0.0,0.0,0.0,0.0
reservoir_observations.csv,10,mucnuocsong,97,0.9771818395671606,0.0,0.0,0.0,0.0,1.0,0.0,0.0,0.0,0.0,0.0,0.0,0.0,0.0,0.0,0.0
reservoir_observations.csv,11,mucnuocsong,95,0.959332191780822,0.0,0.0,0.0,0.0,1.0,0.0,0.0,0.0,0.0,0.0,0.0,0.0,0.0,0.0,0.0
reservoir_observations.csv,12,mucnuocsong,98,0.8975966562173459,0.0,0.0,0.0,0.0,1.0,0.0,0.0,0.0,0.0,0.0,0.0,0.0,0.0,0.0,0.0
reservoir_observations.csv,13,mucnuocsong,90,0.9784740492705094,0.0,0.0,0.0,0.0,1.0,0.0,0.0,0.0,0.0,0.0,0.0,0.0,0.0,0.0,0.0
reservoir_observations.csv,14,mucnuocsong,89,0.918869644484959,0.0,0.0,0.0,0.0,1.0,0.0,0.0,0.0,0.0,0.0,0.0,0.0,0.0,0.0,0.0
reservoir_observations.csv,15,mucnuocsong,80,0.9639801891040072,0.0,0.0,0.0,0.0,1.0,0.0,0.0,0.0,0.0,0.0,0.0,0.0,0.0,0.0,0.0
reservoir_observations.csv,16,mucnuocsong,1376,0.0,81.48006540697675,127.15344736496812,0.57,4100.0,0.0,12.0,27.75,42.0,53.5,93.0,134.5,219.0,413.5,424.25,456.5
reservoir_observations.csv,17,mucnuocsong,1345,0.0,137.60520446096655,105.23345420353606,0.0,500.0,0.0022304832713754648,19.439999999999998,30.200000000000003,51.0,107.0,189.0,281.60000000000014,364.79999999999995,473.59999999999945,488.0,499.0
reservoir_observations.csv,1,luuluongdieutiet,0,1.0,,,,,,,,,,,,,,,
reservoir_observations.csv,2,luuluongdieutiet,0,1.0,,,,,,,,,,,,,,,
reservoir_observations.csv,3,luuluongdieutiet,0,1.0,,,,,,,,,,,,,,,
reservoir_observations.csv,4,luuluongdieutiet,0,1.0,,,,,,,,,,,,,,,
reservoir_observations.csv,5,luuluongdieutiet,0,1.0,,,,,,,,,,,,,,,
reservoir_observations.csv,6,luuluongdieutiet,0,1.0,,,,,,,,,,,,,,,
reservoir_observations.csv,7,luuluongdieutiet,0,1.0,,,,,,,,,,,,,,,
reservoir_observations.csv,8,luuluongdieutiet,0,1.0,,,,,,,,,,,,,,,
reservoir_observations.csv,9,luuluongdieutiet,0,1.0,,,,,,,,,,,,,,,
reservoir_observations.csv,10,luuluongdieutiet,0,1.0,,,,,,,,,,,,,,,
reservoir_observations.csv,11,luuluongdieutiet,0,1.0,,,,,,,,,,,,,,,
reservoir_observations.csv,12,luuluongdieutiet,0,1.0,,,,,,,,,,,,,,,
reservoir_observations.csv,13,luuluongdieutiet,0,1.0,,,,,,,,,,,,,,,
reservoir_observations.csv,14,luuluongdieutiet,0,1.0,,,,,,,,,,,,,,,
reservoir_observations.csv,15,luuluongdieutiet,0,1.0,,,,,,,,,,,,,,,
reservoir_observations.csv,16,luuluongdieutiet,0,1.0,,,,,,,,,,,,,,,
reservoir_observations.csv,17,luuluongdieutiet,0,1.0,,,,,,,,,,,,,,,
water_level_observations.csv,750043,depth,45986,0.0,738.781966250598,586.7799976970865,-179.5,1476.7,0.002283303614143435,-23.359999999999992,-7.6,2.8,1219.4,1221.9,1223.3,1223.9,1226.0,1227.8,1244.8
water_level_observations.csv,750044,depth,45987,0.0,-4.665962119729488,33.8641501924655,-721.5,1737.6,0.0030660838932741862,-93.0,-14.0,-5.8,-3.9,-0.6,7.3,9.1,19.313999999999943,24.0,27.901400000000283
water_level_observations.csv,751115,depth,43791,0.0,0.07946838391450298,3.1442573353658565,0.0,170.0,0.99917791326985,0.0,0.0,0.0,0.0,0.0,0.0,0.0,0.0,0.0,0.0
water_level_observations.csv,751116,depth,45988,0.0,0.8356527789858224,12.02250144949037,0.0,310.0,0.9930634078455249,0.0,0.0,0.0,0.0,0.0,0.0,0.0,0.0,70.0,210.2599999999802
water_level_observations.csv,751117,depth,45988,0.0,2.2877489779942595,4.272000212683762,-15.7,135.9,0.0,-4.4,-2.3,0.8,1.8,2.9,6.0,7.0,10.1,12.1,56.55329999999594
water_level_observations.csv,751118,depth,45989,0.0,0.5073539324621101,55.610493046480556,-57.4,841.2,0.0,-34.7,-29.6,-14.1,-3.8,-0.7,8.5,41.5,143.5,149.317999999976,810.3
water_level_observations.csv,11223344,depth,45558,0.0,0.5088019667237368,9.896190519105012,0.0,230.0,0.9970586944115194,0.0,0.0,0.0,0.0,0.0,0.0,0.0,0.0,0.0,210.0
water_level_observations.csv,55889944,depth,44879,0.0,2.715301143073598,24.74141565870576,0.0,350.0,0.9848481472403574,0.0,0.0,0.0,0.0,0.0,0.0,0.0,130.0,230.0,330.0
water_level_observations.csv,74647402,depth,45960,0.0,146.57623368146213,214.225632567813,-359.2,1111.5,0.0,-219.7,-142.5,-12.4,112.3,281.5,431.6,527.8,774.2,866.2,1043.8
water_level_observations.csv,74647403,depth,45982,0.0,483.05843808446787,208.73370395675076,47.8,3011.8,0.0,221.1,284.5,395.5,465.3,527.7,575.2,675.7,1377.9990000000048,1675.8995000000025,2803.619
water_level_observations.csv,74647404,depth,45990,0.0,690.6250924113938,468.58844252055144,153.8,4622.7,0.0,218.3,287.0,433.9,557.6,817.6,1100.8,1405.3,2743.4660000000063,3152.8575000000137,4575.1241999999975
water_level_observations.csv,74647606,depth,45979,0.0,79.13249309467362,763.5196616140407,-650.9,6649.7,0.0,-588.6,-492.5,-268.5,-138.6,91.7,815.5200000000048,1350.9,3689.1620000000025,5035.1490000000085,6429.038599999982
water_level_observations.csv,74647705,depth,45981,0.0,424.70786846741044,145.93678226946284,-39.5,1894.2,0.0,172.58,240.4,348.1,423.1,481.2,523.4,573.0,1044.2199999999968,1258.5099999999984,1672.4
water_level_observations.csv,74648201,depth,45975,0.0,227.63926481783577,202.53054343490663,-318.7,1165.1,0.0,-161.2,-74.5,86.1,210.8,356.6,491.4999999999985,571.2,804.7,881.9,1049.9831999999938
water_level_observations.csv,75882244,depth,45312,0.0,0.0,0.0,0.0,0.0,1.0,0.0,0.0,0.0,0.0,0.0,0.0,0.0,0.0,0.0,0.0
water_level_observations.csv,75996644,depth,37265,0.0,0.39876559774587417,6.918905421610231,0.0,150.0,0.9962967932376224,0.0,0.0,0.0,0.0,0.0,0.0,0.0,0.0,0.0,130.0
water_level_observations.csv,97203841,depth,20072,0.0,347.58629932243923,379.3963615949498,-6340.7,1277.8,0.0,43.0,70.6,224.17499999999998,340.4,471.9,592.5,689.4,1151.7160000000003,1211.8290000000002,1258.0728000000001
wind_observations.csv,28f350b6-8149-45b0-98d2-49c3096cd9a3,ws,44205,0.0,12.092217396222148,7.534895823939001,0.0,43.9,0.015043547110055424,0.0,1.3660000000000083,5.8,11.7,17.3,21.9,25.1,31.5,34.0,38.3
wind_observations.csv,2d9b1c98-16ec-4681-9d23-0769a49aedaa,ws,43803,0.0,10.023550898340297,9.708507254993007,0.0,60.0,0.23345432961212703,0.0,0.0,1.5,7.5,15.9,24.6,29.0,38.09800000000032,41.3,47.859399999999006
wind_observations.csv,63586eaa-f1cc-11f0-8f75-0692ec44dcd5,ws,3983,0.0,1.0264624654782828,1.3654036715833626,0.0,12.1,0.31031885513432084,0.0,0.0,0.0,0.6,1.5,2.7,3.6,6.4,7.5,9.507200000000012
wind_observations.csv,63604a34-f1cc-11f0-8f75-0692ec44dcd5,ws,3983,0.0,0.7333668089379864,0.729006457199736,0.0,4.5,0.18327893547577204,0.0,0.0,0.1,0.5,1.1,1.8,2.2,3.0,3.3090000000000144,4.003600000000006
wind_observations.csv,28f350b6-8149-45b0-98d2-49c3096cd9a3,wsg,44205,0.0,17.15666870263545,10.528301524186622,0.0,102.4,0.012442031444406742,0.0,2.1,8.5,16.5,24.4,31.2,35.7,44.0,47.09800000000032,52.37960000000021
wind_observations.csv,2d9b1c98-16ec-4681-9d23-0769a49aedaa,wsg,43803,0.0,14.743903385612857,13.380630805373771,0.0,139.7,0.23071479122434538,0.0,0.0,3.9,12.0,23.2,34.5,40.7,49.5,52.6,63.01979999999967
wind_observations.csv,63586eaa-f1cc-11f0-8f75-0692ec44dcd5,wsg,3983,0.0,1.7327140346472507,1.999073577580369,0.0,15.0,0.2693949284458951,0.0,0.0,0.0,1.1,2.7,4.3,5.4,9.2,10.609000000000014,12.6
wind_observations.csv,63604a34-f1cc-11f0-8f75-0692ec44dcd5,wsg,3983,0.0,1.345970374089882,1.2226077333468053,0.0,9.0,0.13155912628671856,0.0,0.0,0.5,1.0,1.9,3.0,3.8,5.2,5.8,7.4
wind_observations.csv,28f350b6-8149-45b0-98d2-49c3096cd9a3,wd,44205,0.0,233.13903404592241,205.75026370301924,3.0,1256.0,0.0,23.0,46.0,89.0,218.0,268.0,319.0,763.0,1058.0,1123.0,1192.0
wind_observations.csv,2d9b1c98-16ec-4681-9d23-0769a49aedaa,wd,43803,0.0,120.49256900212315,125.24745446984532,0.0,1289.0,0.006415085724722051,2.0,8.0,8.0,59.0,244.0,311.0,337.0,356.0,358.0,660.8699999997843
wind_observations.csv,63586eaa-f1cc-11f0-8f75-0692ec44dcd5,wd,3983,0.0,616.6241526487572,318.33655116600414,0.0,1292.0,0.00025106703489831785,42.46,207.0,374.0,529.0,906.5,1113.0,1159.0,1246.3599999999997,1269.0,1286.0
wind_observations.csv,63604a34-f1cc-11f0-8f75-0692ec44dcd5,wd,3983,0.0,668.597539543058,380.2404404194253,1.0,1295.0,0.0,19.0,81.10000000000002,371.5,537.0,1023.0,1140.0,1210.0,1277.0,1286.0,1293.0
wind_observations.csv,28f350b6-8149-45b0-98d2-49c3096cd9a3,wdg,44205,0.0,232.2417599819025,215.84146567964785,0.0,1282.0,0.013550503336726614,0.0,30.0,88.0,214.0,271.0,333.0,774.0,1120.0,1213.0,1274.0
wind_observations.csv,2d9b1c98-16ec-4681-9d23-0769a49aedaa,wdg,43803,0.0,95.22537269136816,118.96556478763745,0.0,1242.0,0.23450448599411,0.0,0.0,7.0,17.0,206.0,295.0,330.0,353.0,356.0,359.0
wind_observations.csv,63586eaa-f1cc-11f0-8f75-0692ec44dcd5,wdg,3983,0.0,626.9327140346472,325.67440669807314,0.0,1292.0,0.001506402209389907,60.46,220.30000000000007,356.0,547.0,940.0,1123.0,1181.0,1260.0,1278.0,1292.0
wind_observations.csv,63604a34-f1cc-11f0-8f75-0692ec44dcd5,wdg,3983,0.0,669.2829525483304,369.7553340519769,0.0,1292.0,0.0037660055234747677,11.0,83.0,385.0,576.0,1012.0,1122.4000000000005,1187.5999999999985,1274.7199999999993,1289.0,1292.0
