file,column,row_index,value_raw_units,classification,reason
rain_observations.csv,depth,0,0.0,unknown requiring domain verification,"No authoritative units, physical bounds, or sensor QA flags are supplied."
rain_observations.csv,depth,4,0.0,unknown requiring domain verification,"No authoritative units, physical bounds, or sensor QA flags are supplied."
rain_observations.csv,depth,5,0.0,unknown requiring domain verification,"No authoritative units, physical bounds, or sensor QA flags are supplied."
rain_observations.csv,depth,6,0.0,unknown requiring domain verification,"No authoritative units, physical bounds, or sensor QA flags are supplied."
rain_observations.csv,depth,8,0.0,unknown requiring domain verification,"No authoritative units, physical bounds, or sensor QA flags are supplied."
rain_observations.csv,depth,11050,28.6,unknown requiring domain verification,"No authoritative units, physical bounds, or sensor QA flags are supplied."
rain_observations.csv,depth,1327086,39.6,unknown requiring domain verification,"No authoritative units, physical bounds, or sensor QA flags are supplied."
rain_observations.csv,depth,2406860,28.2,unknown requiring domain verification,"No authoritative units, physical bounds, or sensor QA flags are supplied."
rain_observations.csv,depth,2462702,40.4,unknown requiring domain verification,"No authoritative units, physical bounds, or sensor QA flags are supplied."
rain_observations.csv,depth,2462758,37.4,unknown requiring domain verification,"No authoritative units, physical bounds, or sensor QA flags are supplied."
reservoir_observations.csv,htl,4977,113724.0,unknown requiring domain verification,"No authoritative units, physical bounds, or sensor QA flags are supplied."
reservoir_observations.csv,htl,7711,60098.0,unknown requiring domain verification,"No authoritative units, physical bounds, or sensor QA flags are supplied."
reservoir_observations.csv,htl,8193,0.0,unknown requiring domain verification,"No authoritative units, physical bounds, or sensor QA flags are supplied."
reservoir_observations.csv,htl,8194,0.0,unknown requiring domain verification,"No authoritative units, physical bounds, or sensor QA flags are supplied."
reservoir_observations.csv,htl,13986,-0.03,unknown requiring domain verification,"No authoritative units, physical bounds, or sensor QA flags are supplied."
reservoir_observations.csv,htl,15222,-0.05,unknown requiring domain verification,"No authoritative units, physical bounds, or sensor QA flags are supplied."
reservoir_observations.csv,htl,21408,-0.14,unknown requiring domain verification,"No authoritative units, physical bounds, or sensor QA flags are supplied."
reservoir_observations.csv,htl,23088,68357.0,unknown requiring domain verification,"No authoritative units, physical bounds, or sensor QA flags are supplied."
reservoir_observations.csv,htl,27547,60083.0,unknown requiring domain verification,"No authoritative units, physical bounds, or sensor QA flags are supplied."
reservoir_observations.csv,htl,33568,68505.0,unknown requiring domain verification,"No authoritative units, physical bounds, or sensor QA flags are supplied."
reservoir_observations.csv,hhl,7758,-0.3,unknown requiring domain verification,"No authoritative units, physical bounds, or sensor QA flags are supplied."
reservoir_observations.csv,hhl,8956,-0.33,unknown requiring domain verification,"No authoritative units, physical bounds, or sensor QA flags are supplied."
reservoir_observations.csv,hhl,9948,-0.35,unknown requiring domain verification,"No authoritative units, physical bounds, or sensor QA flags are supplied."
reservoir_observations.csv,hhl,24921,426.0,unknown requiring domain verification,"No authoritative units, physical bounds, or sensor QA flags are supplied."
reservoir_observations.csv,hhl,26299,390.0,unknown requiring domain verification,"No authoritative units, physical bounds, or sensor QA flags are supplied."
reservoir_observations.csv,hhl,26331,675.0,unknown requiring domain verification,"No authoritative units, physical bounds, or sensor QA flags are supplied."
reservoir_observations.csv,hhl,26349,468.99,unknown requiring domain verification,"No authoritative units, physical bounds, or sensor QA flags are supplied."
reservoir_observations.csv,hhl,27478,-0.29,unknown requiring domain verification,"No authoritative units, physical bounds, or sensor QA flags are supplied."
reservoir_observations.csv,hhl,29084,240.0,unknown requiring domain verification,"No authoritative units, physical bounds, or sensor QA flags are supplied."
reservoir_observations.csv,hhl,35573,-0.3,unknown requiring domain verification,"No authoritative units, physical bounds, or sensor QA flags are supplied."
reservoir_observations.csv,qden,3357,7865.0,unknown requiring domain verification,"No authoritative units, physical bounds, or sensor QA flags are supplied."
reservoir_observations.csv,qden,8193,0.0,unknown requiring domain verification,"No authoritative units, physical bounds, or sensor QA flags are supplied."
reservoir_observations.csv,qden,8194,0.0,unknown requiring domain verification,"No authoritative units, physical bounds, or sensor QA flags are supplied."
reservoir_observations.csv,qden,8195,0.0,unknown requiring domain verification,"No authoritative units, physical bounds, or sensor QA flags are supplied."
reservoir_observations.csv,qden,8196,0.0,unknown requiring domain verification,"No authoritative units, physical bounds, or sensor QA flags are supplied."
reservoir_observations.csv,qden,8203,0.0,unknown requiring domain verification,"No authoritative units, physical bounds, or sensor QA flags are supplied."
reservoir_observations.csv,qden,13712,6207.0,unknown requiring domain verification,"No authoritative units, physical bounds, or sensor QA flags are supplied."
reservoir_observations.csv,qden,26812,11572.0,unknown requiring domain verification,"No authoritative units, physical bounds, or sensor QA flags are supplied."
reservoir_observations.csv,qden,34867,6512.0,unknown requiring domain verification,"No authoritative units, physical bounds, or sensor QA flags are supplied."
reservoir_observations.csv,qden,34878,6236.55,unknown requiring domain verification,"No authoritative units, physical bounds, or sensor QA flags are supplied."
reservoir_observations.csv,qdi,97,0.0,unknown requiring domain verification,"No authoritative units, physical bounds, or sensor QA flags are supplied."
reservoir_observations.csv,qdi,111,0.0,unknown requiring domain verification,"No authoritative units, physical bounds, or sensor QA flags are supplied."
reservoir_observations.csv,qdi,148,0.0,unknown requiring domain verification,"No authoritative units, physical bounds, or sensor QA flags are supplied."
reservoir_observations.csv,qdi,172,0.0,unknown requiring domain verification,"No authoritative units, physical bounds, or sensor QA flags are supplied."
reservoir_observations.csv,qdi,197,0.0,unknown requiring domain verification,"No authoritative units, physical bounds, or sensor QA flags are supplied."
reservoir_observations.csv,qdi,3357,5203.0,unknown requiring domain verification,"No authoritative units, physical bounds, or sensor QA flags are supplied."
reservoir_observations.csv,qdi,3364,5292.0,unknown requiring domain verification,"No authoritative units, physical bounds, or sensor QA flags are supplied."
reservoir_observations.csv,qdi,3372,4946.0,unknown requiring domain verification,"No authoritative units, physical bounds, or sensor QA flags are supplied."
reservoir_observations.csv,qdi,17240,13111.0,unknown requiring domain verification,"No authoritative units, physical bounds, or sensor QA flags are supplied."
reservoir_observations.csv,qdi,34877,4808.0,unknown requiring domain verification,"No authoritative units, physical bounds, or sensor QA flags are supplied."
reservoir_observations.csv,socuamo,5188,1.0,unknown requiring domain verification,"No authoritative units, physical bounds, or sensor QA flags are supplied."
reservoir_observations.csv,socuamo,6443,2.0,unknown requiring domain verification,"No authoritative units, physical bounds, or sensor QA flags are supplied."
reservoir_observations.csv,socuamo,6444,1.0,unknown requiring domain verification,"No authoritative units, physical bounds, or sensor QA flags are supplied."
reservoir_observations.csv,socuamo,17350,15.0,unknown requiring domain verification,"No authoritative units, physical bounds, or sensor QA flags are supplied."
reservoir_observations.csv,socuamo,17369,15.0,unknown requiring domain verification,"No authoritative units, physical bounds, or sensor QA flags are supplied."
reservoir_observations.csv,socuamo,34917,15.0,unknown requiring domain verification,"No authoritative units, physical bounds, or sensor QA flags are supplied."
reservoir_observations.csv,mucnuocsong,2428,0.0,unknown requiring domain verification,"No authoritative units, physical bounds, or sensor QA flags are supplied."
reservoir_observations.csv,mucnuocsong,6947,500.0,unknown requiring domain verification,"No authoritative units, physical bounds, or sensor QA flags are supplied."
reservoir_observations.csv,mucnuocsong,8191,0.0,unknown requiring domain verification,"No authoritative units, physical bounds, or sensor QA flags are supplied."
reservoir_observations.csv,mucnuocsong,8192,0.0,unknown requiring domain verification,"No authoritative units, physical bounds, or sensor QA flags are supplied."
reservoir_observations.csv,mucnuocsong,8195,0.0,unknown requiring domain verification,"No authoritative units, physical bounds, or sensor QA flags are supplied."
reservoir_observations.csv,mucnuocsong,8196,0.0,unknown requiring domain verification,"No authoritative units, physical bounds, or sensor QA flags are supplied."
reservoir_observations.csv,mucnuocsong,17389,4100.0,unknown requiring domain verification,"No authoritative units, physical bounds, or sensor QA flags are supplied."
reservoir_observations.csv,mucnuocsong,17454,497.0,unknown requiring domain verification,"No authoritative units, physical bounds, or sensor QA flags are supplied."
reservoir_observations.csv,mucnuocsong,17455,499.0,unknown requiring domain verification,"No authoritative units, physical bounds, or sensor QA flags are supplied."
reservoir_observations.csv,mucnuocsong,17530,499.0,unknown requiring domain verification,"No authoritative units, physical bounds, or sensor QA flags are supplied."
water_level_observations.csv,depth,5561,6643.3,unknown requiring domain verification,"No authoritative units, physical bounds, or sensor QA flags are supplied."
water_level_observations.csv,depth,5576,6648.6,unknown requiring domain verification,"No authoritative units, physical bounds, or sensor QA flags are supplied."
water_level_observations.csv,depth,5590,6645.4,unknown requiring domain verification,"No authoritative units, physical bounds, or sensor QA flags are supplied."
water_level_observations.csv,depth,5606,6649.7,unknown requiring domain verification,"No authoritative units, physical bounds, or sensor QA flags are supplied."
water_level_observations.csv,depth,5621,6648.6,unknown requiring domain verification,"No authoritative units, physical bounds, or sensor QA flags are supplied."
water_level_observations.csv,depth,412353,-6336.4,unknown requiring domain verification,"No authoritative units, physical bounds, or sensor QA flags are supplied."
water_level_observations.csv,depth,412387,-6336.8,unknown requiring domain verification,"No authoritative units, physical bounds, or sensor QA flags are supplied."
water_level_observations.csv,depth,412472,-6339.4,unknown requiring domain verification,"No authoritative units, physical bounds, or sensor QA flags are supplied."
water_level_observations.csv,depth,412506,-6333.1,unknown requiring domain verification,"No authoritative units, physical bounds, or sensor QA flags are supplied."
water_level_observations.csv,depth,412523,-6340.7,unknown requiring domain verification,"No authoritative units, physical bounds, or sensor QA flags are supplied."
wind_observations.csv,ws,462,60.0,unknown requiring domain verification,"No authoritative units, physical bounds, or sensor QA flags are supplied."
wind_observations.csv,ws,1104,0.0,unknown requiring domain verification,"No authoritative units, physical bounds, or sensor QA flags are supplied."
wind_observations.csv,ws,1183,0.0,unknown requiring domain verification,"No authoritative units, physical bounds, or sensor QA flags are supplied."
wind_observations.csv,ws,1634,0.0,unknown requiring domain verification,"No authoritative units, physical bounds, or sensor QA flags are supplied."
wind_observations.csv,ws,1804,0.0,unknown requiring domain verification,"No authoritative units, physical bounds, or sensor QA flags are supplied."
wind_observations.csv,ws,2178,0.0,unknown requiring domain verification,"No authoritative units, physical bounds, or sensor QA flags are supplied."
wind_observations.csv,ws,6089,53.3,unknown requiring domain verification,"No authoritative units, physical bounds, or sensor QA flags are supplied."
wind_observations.csv,ws,7199,52.8,unknown requiring domain verification,"No authoritative units, physical bounds, or sensor QA flags are supplied."
wind_observations.csv,ws,43167,52.5,unknown requiring domain verification,"No authoritative units, physical bounds, or sensor QA flags are supplied."
wind_observations.csv,ws,68990,54.5,unknown requiring domain verification,"No authoritative units, physical bounds, or sensor QA flags are supplied."
wind_observations.csv,wsg,1104,0.0,unknown requiring domain verification,"No authoritative units, physical bounds, or sensor QA flags are supplied."
wind_observations.csv,wsg,1634,0.0,unknown requiring domain verification,"No authoritative units, physical bounds, or sensor QA flags are supplied."
wind_observations.csv,wsg,2178,0.0,unknown requiring domain verification,"No authoritative units, physical bounds, or sensor QA flags are supplied."
wind_observations.csv,wsg,2180,0.0,unknown requiring domain verification,"No authoritative units, physical bounds, or sensor QA flags are supplied."
wind_observations.csv,wsg,2182,0.0,unknown requiring domain verification,"No authoritative units, physical bounds, or sensor QA flags are supplied."
wind_observations.csv,wsg,43167,130.4,unknown requiring domain verification,"No authoritative units, physical bounds, or sensor QA flags are supplied."
wind_observations.csv,wsg,49987,130.6,unknown requiring domain verification,"No authoritative units, physical bounds, or sensor QA flags are supplied."
wind_observations.csv,wsg,64978,112.3,unknown requiring domain verification,"No authoritative units, physical bounds, or sensor QA flags are supplied."
wind_observations.csv,wsg,68346,123.3,unknown requiring domain verification,"No authoritative units, physical bounds, or sensor QA flags are supplied."
wind_observations.csv,wsg,68928,139.7,unknown requiring domain verification,"No authoritative units, physical bounds, or sensor QA flags are supplied."
wind_observations.csv,wd,39571,0.0,unknown requiring domain verification,"No authoritative units, physical bounds, or sensor QA flags are supplied."
wind_observations.csv,wd,39679,0.0,unknown requiring domain verification,"No authoritative units, physical bounds, or sensor QA flags are supplied."
wind_observations.csv,wd,40013,0.0,unknown requiring domain verification,"No authoritative units, physical bounds, or sensor QA flags are supplied."
wind_observations.csv,wd,41213,0.0,unknown requiring domain verification,"No authoritative units, physical bounds, or sensor QA flags are supplied."
wind_observations.csv,wd,42305,0.0,unknown requiring domain verification,"No authoritative units, physical bounds, or sensor QA flags are supplied."
wind_observations.csv,wd,78080,1294.0,unknown requiring domain verification,"No authoritative units, physical bounds, or sensor QA flags are supplied."
wind_observations.csv,wd,79342,1293.0,unknown requiring domain verification,"No authoritative units, physical bounds, or sensor QA flags are supplied."
wind_observations.csv,wd,81475,1295.0,unknown requiring domain verification,"No authoritative units, physical bounds, or sensor QA flags are supplied."
wind_observations.csv,wd,83316,1295.0,unknown requiring domain verification,"No authoritative units, physical bounds, or sensor QA flags are supplied."
wind_observations.csv,wd,83580,1293.0,unknown requiring domain verification,"No authoritative units, physical bounds, or sensor QA flags are supplied."
wind_observations.csv,wdg,1104,0.0,unknown requiring domain verification,"No authoritative units, physical bounds, or sensor QA flags are supplied."
wind_observations.csv,wdg,1258,0.0,unknown requiring domain verification,"No authoritative units, physical bounds, or sensor QA flags are supplied."
wind_observations.csv,wdg,1634,0.0,unknown requiring domain verification,"No authoritative units, physical bounds, or sensor QA flags are supplied."
wind_observations.csv,wdg,2174,0.0,unknown requiring domain verification,"No authoritative units, physical bounds, or sensor QA flags are supplied."
wind_observations.csv,wdg,2178,0.0,unknown requiring domain verification,"No authoritative units, physical bounds, or sensor QA flags are supplied."
wind_observations.csv,wdg,76591,1292.0,unknown requiring domain verification,"No authoritative units, physical bounds, or sensor QA flags are supplied."
wind_observations.csv,wdg,76775,1292.0,unknown requiring domain verification,"No authoritative units, physical bounds, or sensor QA flags are supplied."
wind_observations.csv,wdg,76949,1292.0,unknown requiring domain verification,"No authoritative units, physical bounds, or sensor QA flags are supplied."
wind_observations.csv,wdg,77533,1292.0,unknown requiring domain verification,"No authoritative units, physical bounds, or sensor QA flags are supplied."
wind_observations.csv,wdg,77685,1292.0,unknown requiring domain verification,"No authoritative units, physical bounds, or sensor QA flags are supplied."
hydrology_training_10min.csv,rain_depth,0,0.0,unknown requiring domain verification,"No authoritative units, physical bounds, or sensor QA flags are supplied."
hydrology_training_10min.csv,rain_depth,1,0.0,unknown requiring domain verification,"No authoritative units, physical bounds, or sensor QA flags are supplied."
hydrology_training_10min.csv,rain_depth,2,0.0,unknown requiring domain verification,"No authoritative units, physical bounds, or sensor QA flags are supplied."
hydrology_training_10min.csv,rain_depth,3,0.0,unknown requiring domain verification,"No authoritative units, physical bounds, or sensor QA flags are supplied."
hydrology_training_10min.csv,rain_depth,4,0.0,unknown requiring domain verification,"No authoritative units, physical bounds, or sensor QA flags are supplied."
hydrology_training_10min.csv,rain_depth,26420,17.8,unknown requiring domain verification,"No authoritative units, physical bounds, or sensor QA flags are supplied."
hydrology_training_10min.csv,rain_depth,26423,22.6,unknown requiring domain verification,"No authoritative units, physical bounds, or sensor QA flags are supplied."
hydrology_training_10min.csv,rain_depth,31043,18.2,unknown requiring domain verification,"No authoritative units, physical bounds, or sensor QA flags are supplied."
hydrology_training_10min.csv,rain_depth,37105,21.4,unknown requiring domain verification,"No authoritative units, physical bounds, or sensor QA flags are supplied."
hydrology_training_10min.csv,rain_depth,43990,20.8,unknown requiring domain verification,"No authoritative units, physical bounds, or sensor QA flags are supplied."
hydrology_training_10min.csv,water_level_depth,359,2996.0,unknown requiring domain verification,"No authoritative units, physical bounds, or sensor QA flags are supplied."
hydrology_training_10min.csv,water_level_depth,360,2997.0,unknown requiring domain verification,"No authoritative units, physical bounds, or sensor QA flags are supplied."
hydrology_training_10min.csv,water_level_depth,361,3007.6,unknown requiring domain verification,"No authoritative units, physical bounds, or sensor QA flags are supplied."
hydrology_training_10min.csv,water_level_depth,362,3011.8,unknown requiring domain verification,"No authoritative units, physical bounds, or sensor QA flags are supplied."
hydrology_training_10min.csv,water_level_depth,363,2993.8,unknown requiring domain verification,"No authoritative units, physical bounds, or sensor QA flags are supplied."
hydrology_training_10min.csv,water_level_depth,45837,52.0,unknown requiring domain verification,"No authoritative units, physical bounds, or sensor QA flags are supplied."
hydrology_training_10min.csv,water_level_depth,45838,52.0,unknown requiring domain verification,"No authoritative units, physical bounds, or sensor QA flags are supplied."
hydrology_training_10min.csv,water_level_depth,45839,47.8,unknown requiring domain verification,"No authoritative units, physical bounds, or sensor QA flags are supplied."
hydrology_training_10min.csv,water_level_depth,45840,49.9,unknown requiring domain verification,"No authoritative units, physical bounds, or sensor QA flags are supplied."
hydrology_training_10min.csv,water_level_depth,45841,50.9,unknown requiring domain verification,"No authoritative units, physical bounds, or sensor QA flags are supplied."
hydrology_training_10min.csv,wind_speed,568,42.6,unknown requiring domain verification,"No authoritative units, physical bounds, or sensor QA flags are supplied."
hydrology_training_10min.csv,wind_speed,569,41.8,unknown requiring domain verification,"No authoritative units, physical bounds, or sensor QA flags are supplied."
hydrology_training_10min.csv,wind_speed,570,40.2,unknown requiring domain verification,"No authoritative units, physical bounds, or sensor QA flags are supplied."
hydrology_training_10min.csv,wind_speed,603,40.45,unknown requiring domain verification,"No authoritative units, physical bounds, or sensor QA flags are supplied."
hydrology_training_10min.csv,wind_speed,2869,0.0,unknown requiring domain verification,"No authoritative units, physical bounds, or sensor QA flags are supplied."
hydrology_training_10min.csv,wind_speed,2870,0.0,unknown requiring domain verification,"No authoritative units, physical bounds, or sensor QA flags are supplied."
hydrology_training_10min.csv,wind_speed,2871,0.0,unknown requiring domain verification,"No authoritative units, physical bounds, or sensor QA flags are supplied."
hydrology_training_10min.csv,wind_speed,2872,0.0,unknown requiring domain verification,"No authoritative units, physical bounds, or sensor QA flags are supplied."
hydrology_training_10min.csv,wind_speed,2873,0.0,unknown requiring domain verification,"No authoritative units, physical bounds, or sensor QA flags are supplied."
hydrology_training_10min.csv,wind_speed,15735,40.6,unknown requiring domain verification,"No authoritative units, physical bounds, or sensor QA flags are supplied."
hydrology_training_10min.csv,wind_gust,568,54.95,unknown requiring domain verification,"No authoritative units, physical bounds, or sensor QA flags are supplied."
hydrology_training_10min.csv,wind_gust,599,56.1,unknown requiring domain verification,"No authoritative units, physical bounds, or sensor QA flags are supplied."
hydrology_training_10min.csv,wind_gust,602,56.15,unknown requiring domain verification,"No authoritative units, physical bounds, or sensor QA flags are supplied."
hydrology_training_10min.csv,wind_gust,603,55.1,unknown requiring domain verification,"No authoritative units, physical bounds, or sensor QA flags are supplied."
hydrology_training_10min.csv,wind_gust,632,56.3,unknown requiring domain verification,"No authoritative units, physical bounds, or sensor QA flags are supplied."
hydrology_training_10min.csv,wind_gust,2871,0.0,unknown requiring domain verification,"No authoritative units, physical bounds, or sensor QA flags are supplied."
hydrology_training_10min.csv,wind_gust,2872,0.0,unknown requiring domain verification,"No authoritative units, physical bounds, or sensor QA flags are supplied."
hydrology_training_10min.csv,wind_gust,2874,0.0,unknown requiring domain verification,"No authoritative units, physical bounds, or sensor QA flags are supplied."
hydrology_training_10min.csv,wind_gust,2875,0.0,unknown requiring domain verification,"No authoritative units, physical bounds, or sensor QA flags are supplied."
hydrology_training_10min.csv,wind_gust,2876,0.0,unknown requiring domain verification,"No authoritative units, physical bounds, or sensor QA flags are supplied."
hydrology_training_10min.csv,wind_direction,8939,7.5,unknown requiring domain verification,"No authoritative units, physical bounds, or sensor QA flags are supplied."
hydrology_training_10min.csv,wind_direction,9224,9.5,unknown requiring domain verification,"No authoritative units, physical bounds, or sensor QA flags are supplied."
hydrology_training_10min.csv,wind_direction,9225,5.0,unknown requiring domain verification,"No authoritative units, physical bounds, or sensor QA flags are supplied."
hydrology_training_10min.csv,wind_direction,9226,5.0,unknown requiring domain verification,"No authoritative units, physical bounds, or sensor QA flags are supplied."
hydrology_training_10min.csv,wind_direction,9227,6.0,unknown requiring domain verification,"No authoritative units, physical bounds, or sensor QA flags are supplied."
hydrology_training_10min.csv,wind_direction,42926,1229.5,unknown requiring domain verification,"No authoritative units, physical bounds, or sensor QA flags are supplied."
hydrology_training_10min.csv,wind_direction,44086,1219.0,unknown requiring domain verification,"No authoritative units, physical bounds, or sensor QA flags are supplied."
hydrology_training_10min.csv,wind_direction,45627,1199.0,unknown requiring domain verification,"No authoritative units, physical bounds, or sensor QA flags are supplied."
hydrology_training_10min.csv,wind_direction,45648,1202.5,unknown requiring domain verification,"No authoritative units, physical bounds, or sensor QA flags are supplied."
hydrology_training_10min.csv,wind_direction,45815,1215.0,unknown requiring domain verification,"No authoritative units, physical bounds, or sensor QA flags are supplied."
hydrology_training_10min.csv,wind_gust_direction,2871,0.0,unknown requiring domain verification,"No authoritative units, physical bounds, or sensor QA flags are supplied."
hydrology_training_10min.csv,wind_gust_direction,2872,0.0,unknown requiring domain verification,"No authoritative units, physical bounds, or sensor QA flags are supplied."
hydrology_training_10min.csv,wind_gust_direction,2874,0.0,unknown requiring domain verification,"No authoritative units, physical bounds, or sensor QA flags are supplied."
hydrology_training_10min.csv,wind_gust_direction,2875,0.0,unknown requiring domain verification,"No authoritative units, physical bounds, or sensor QA flags are supplied."
hydrology_training_10min.csv,wind_gust_direction,2876,0.0,unknown requiring domain verification,"No authoritative units, physical bounds, or sensor QA flags are supplied."
hydrology_training_10min.csv,wind_gust_direction,42928,1269.0,unknown requiring domain verification,"No authoritative units, physical bounds, or sensor QA flags are supplied."
hydrology_training_10min.csv,wind_gust_direction,44221,1274.0,unknown requiring domain verification,"No authoritative units, physical bounds, or sensor QA flags are supplied."
hydrology_training_10min.csv,wind_gust_direction,44898,1269.0,unknown requiring domain verification,"No authoritative units, physical bounds, or sensor QA flags are supplied."
hydrology_training_10min.csv,wind_gust_direction,45632,1272.5,unknown requiring domain verification,"No authoritative units, physical bounds, or sensor QA flags are supplied."
hydrology_training_10min.csv,wind_gust_direction,45780,1278.0,unknown requiring domain verification,"No authoritative units, physical bounds, or sensor QA flags are supplied."
