percentile,threshold_raw_units,event_number,start,end,peak_time,peak_value,duration_hours,observations_above_threshold,rain_before_1h,rain_before_3h,rain_before_6h,rain_before_12h,rain_before_24h
0.9,575.2,1,2025-11-14 18:50:00+00:00,2025-11-24 13:10:00+00:00,2025-11-17 07:10:00+00:00,3011.8,234.33333333333334,1406,,,,,
0.9,575.2,2,2025-11-24 19:20:00+00:00,2025-11-26 01:00:00+00:00,2025-11-25 09:30:00+00:00,683.1,29.666666666666668,169,5.0,5.2,5.6,12.2,24.8
0.9,575.2,3,2025-11-26 08:10:00+00:00,2025-11-26 12:00:00+00:00,2025-11-26 10:10:00+00:00,615.4,3.8333333333333335,21,0.0,1.0,6.999999999999999,14.4,19.0
0.9,575.2,4,2025-11-26 20:00:00+00:00,2025-12-02 02:10:00+00:00,2025-12-01 14:40:00+00:00,837.4,126.16666666666667,652,0.2,0.2,0.2,0.4,14.800000000000002
0.9,575.2,5,2025-12-02 13:50:00+00:00,2025-12-02 16:40:00+00:00,2025-12-02 15:10:00+00:00,645.0,2.8333333333333335,18,0.0,0.0,0.0,0.2,1.6
0.9,575.2,6,2025-12-03 12:20:00+00:00,2025-12-04 21:40:00+00:00,2025-12-03 16:50:00+00:00,886.0,33.333333333333336,145,3.8000000000000003,15.4,22.4,41.0,41.0
0.9,575.2,7,2025-12-05 04:00:00+00:00,2025-12-05 22:00:00+00:00,2025-12-05 18:00:00+00:00,789.8,18.0,75,4.0,6.2,9.0,13.4,39.4
0.9,575.2,8,2025-12-06 06:10:00+00:00,2025-12-06 07:10:00+00:00,2025-12-06 06:40:00+00:00,594.3,1.0,6,0.2,2.4000000000000004,2.8,3.4,7.2
0.9,575.2,9,2025-12-06 17:00:00+00:00,2025-12-06 20:20:00+00:00,2025-12-06 18:10:00+00:00,628.1,3.3333333333333335,21,0.0,0.0,0.0,0.2,6.000000000000001
0.9,575.2,10,2025-12-09 07:20:00+00:00,2025-12-09 09:50:00+00:00,2025-12-09 08:20:00+00:00,617.5,2.5,16,0.2,0.2,1.2,1.2,1.8
0.9,575.2,11,2025-12-10 07:30:00+00:00,2025-12-10 12:00:00+00:00,2025-12-10 09:20:00+00:00,693.6,4.5,28,2.8000000000000003,4.4,7.199999999999999,8.4,11.4
0.9,575.2,12,2025-12-11 08:30:00+00:00,2025-12-11 12:40:00+00:00,2025-12-11 10:30:00+00:00,689.4,4.166666666666667,26,0.4,2.4000000000000004,2.6000000000000005,8.2,26.8
0.9,575.2,13,2025-12-12 10:50:00+00:00,2025-12-12 12:30:00+00:00,2025-12-12 11:40:00+00:00,592.1,1.6666666666666667,11,0.6000000000000001,15.399999999999999,16.4,20.0,52.2
0.9,575.2,14,2025-12-13 11:00:00+00:00,2025-12-13 15:20:00+00:00,2025-12-13 13:30:00+00:00,683.1,4.333333333333333,27,0.2,0.2,9.799999999999999,12.8,13.200000000000001
0.9,575.2,15,2025-12-14 01:30:00+00:00,2025-12-14 18:20:00+00:00,2025-12-14 14:00:00+00:00,768.7,16.833333333333332,66,5.6000000000000005,14.4,22.4,31.999999999999996,44.8
0.9,575.2,16,2025-12-15 13:10:00+00:00,2025-12-15 17:20:00+00:00,2025-12-15 15:20:00+00:00,632.3,4.166666666666667,25,0.4,1.0,1.2,2.2,33.6
0.9,575.2,17,2025-12-16 14:00:00+00:00,2025-12-16 18:10:00+00:00,2025-12-16 15:50:00+00:00,627.0,4.166666666666667,26,0.2,0.6000000000000001,1.4,1.6,2.8000000000000003
0.9,575.2,18,2025-12-17 02:50:00+00:00,2025-12-17 06:00:00+00:00,2025-12-17 04:40:00+00:00,646.1,3.1666666666666665,19,6.800000000000001,12.000000000000002,12.000000000000002,12.6,14.4
0.9,575.2,19,2025-12-22 06:30:00+00:00,2025-12-22 08:20:00+00:00,2025-12-22 07:10:00+00:00,605.9,1.8333333333333333,12,0.0,0.0,0.0,0.2,28.599999999999998
0.9,575.2,20,2025-12-22 17:20:00+00:00,2025-12-22 22:00:00+00:00,2025-12-22 19:50:00+00:00,637.6,4.666666666666667,29,0.2,6.8,12.8,13.400000000000002,13.800000000000002
0.9,575.2,21,2025-12-23 05:30:00+00:00,2025-12-23 11:10:00+00:00,2025-12-23 07:50:00+00:00,725.3,5.666666666666667,34,0.0,0.0,0.0,0.0,13.399999999999999
0.9,575.2,22,2025-12-23 19:20:00+00:00,2025-12-23 20:20:00+00:00,2025-12-23 19:40:00+00:00,584.7,1.0,7,0.0,0.0,0.0,0.0,0.0
0.9,575.2,23,2025-12-24 07:50:00+00:00,2025-12-24 09:00:00+00:00,2025-12-24 08:20:00+00:00,590.0,1.1666666666666667,7,0.0,0.0,0.0,0.0,0.0
0.9,575.2,24,2025-12-25 07:40:00+00:00,2025-12-25 10:10:00+00:00,2025-12-25 09:10:00+00:00,631.3,2.5,16,0.4,0.6000000000000001,0.6000000000000001,23.8,24.400000000000002
0.9,575.2,25,2025-12-25 21:00:00+00:00,2025-12-25 23:10:00+00:00,2025-12-25 21:40:00+00:00,600.6,2.1666666666666665,14,0.4,1.4000000000000001,4.0,15.0,31.6
0.9,575.2,26,2025-12-26 07:20:00+00:00,2025-12-26 11:40:00+00:00,2025-12-26 09:30:00+00:00,669.3,4.333333333333333,27,0.6000000000000001,1.0,2.8000000000000007,4.6000000000000005,19.2
0.9,575.2,27,2025-12-27 08:10:00+00:00,2025-12-27 13:20:00+00:00,2025-12-27 10:20:00+00:00,712.7,5.166666666666667,32,0.2,0.2,0.4,2.2,3.2
0.9,575.2,28,2025-12-28 09:30:00+00:00,2025-12-28 13:40:00+00:00,2025-12-28 11:40:00+00:00,684.1,4.166666666666667,26,0.4,1.2,1.2,1.2,4.4
0.9,575.2,29,2025-12-29 11:00:00+00:00,2025-12-29 14:10:00+00:00,2025-12-29 12:10:00+00:00,640.8,3.1666666666666665,20,0.0,0.0,0.0,0.0,0.8
0.9,575.2,30,2026-01-01 14:40:00+00:00,2026-01-01 16:50:00+00:00,2026-01-01 15:40:00+00:00,598.5,2.1666666666666665,14,0.0,0.0,0.0,0.0,0.0
0.9,575.2,31,2026-01-02 04:00:00+00:00,2026-01-02 04:30:00+00:00,2026-01-02 04:30:00+00:00,597.4,0.5,4,0.0,0.0,1.8,1.8,1.8
0.9,575.2,32,2026-01-02 12:50:00+00:00,2026-01-02 20:20:00+00:00,2026-01-02 16:20:00+00:00,797.2,7.5,46,4.0,5.2,5.2,5.199999999999999,6.999999999999999
0.9,575.2,33,2026-01-03 04:10:00+00:00,2026-01-03 06:10:00+00:00,2026-01-03 04:40:00+00:00,614.3,2.0,12,0.0,0.0,0.0,0.2,5.3999999999999995
0.9,575.2,34,2026-01-03 14:20:00+00:00,2026-01-03 20:50:00+00:00,2026-01-03 17:30:00+00:00,762.3,6.5,40,0.0,0.0,0.0,0.0,0.2
0.9,575.2,35,2026-01-04 16:30:00+00:00,2026-01-04 20:10:00+00:00,2026-01-04 18:10:00+00:00,639.7,3.6666666666666665,23,0.0,0.0,0.2,0.2,0.2
0.9,575.2,36,2026-01-06 06:50:00+00:00,2026-01-06 08:40:00+00:00,2026-01-06 07:50:00+00:00,605.9,1.8333333333333333,12,1.0,2.4,11.199999999999998,13.4,13.4
0.9,575.2,37,2026-01-06 20:30:00+00:00,2026-01-06 21:00:00+00:00,2026-01-06 20:50:00+00:00,586.9,0.5,4,1.0,2.6,5.800000000000001,21.6,36.0
0.9,575.2,38,2026-01-07 08:00:00+00:00,2026-01-07 09:20:00+00:00,2026-01-07 08:00:00+00:00,589.0,1.3333333333333333,5,0.0,1.4,3.2,12.6,34.400000000000006
0.9,575.2,39,2026-01-08 09:10:00+00:00,2026-01-08 10:20:00+00:00,2026-01-08 10:10:00+00:00,596.4,1.1666666666666667,8,0.0,0.2,0.2,1.8,2.0
0.9,575.2,40,2026-01-29 12:40:00+00:00,2026-01-29 16:40:00+00:00,2026-01-29 14:30:00+00:00,605.9,4.0,25,0.0,0.0,0.0,0.0,0.2
0.9,575.2,41,2026-01-30 12:40:00+00:00,2026-01-30 12:50:00+00:00,2026-01-30 12:50:00+00:00,590.0,0.16666666666666666,2,0.0,0.0,0.0,0.0,0.0
0.9,575.2,42,2026-02-26 02:10:00+00:00,2026-02-26 02:40:00+00:00,2026-02-26 02:20:00+00:00,584.7,0.5,4,0.0,0.0,0.0,0.0,0.0
0.9,575.2,43,2026-03-05 05:40:00+00:00,2026-03-05 14:00:00+00:00,2026-03-05 08:30:00+00:00,600.6,8.333333333333334,25,0.0,0.2,0.6000000000000001,1.0,3.8
0.9,575.2,44,2026-03-08 20:30:00+00:00,2026-03-08 23:50:00+00:00,2026-03-08 22:10:00+00:00,614.3,3.3333333333333335,19,0.4,3.5999999999999996,6.4,6.4,6.4
0.9,575.2,45,2026-03-09 13:10:00+00:00,2026-03-09 15:40:00+00:00,2026-03-09 14:10:00+00:00,616.5,2.5,16,0.0,0.0,0.0,0.0,7.200000000000001
0.9,575.2,46,2026-03-10 09:50:00+00:00,2026-03-10 15:00:00+00:00,2026-03-10 12:30:00+00:00,626.0,5.166666666666667,31,2.0,4.4,20.0,42.800000000000004,57.60000000000001
0.9,575.2,47,2026-03-13 13:50:00+00:00,2026-03-14 05:50:00+00:00,2026-03-14 02:20:00+00:00,637.6,16.0,78,0.4,0.8,7.200000000000001,12.6,45.2
0.9,575.2,48,2026-03-14 12:00:00+00:00,2026-03-14 19:00:00+00:00,2026-03-14 14:00:00+00:00,633.4,7.0,42,0.0,0.0,0.0,10.0,26.8
0.9,575.2,49,2026-03-19 01:40:00+00:00,2026-03-19 02:10:00+00:00,2026-03-19 01:40:00+00:00,576.3,0.5,2,0.0,0.0,0.0,0.0,0.0
0.9,575.2,50,2026-03-19 15:10:00+00:00,2026-03-19 15:30:00+00:00,2026-03-19 15:30:00+00:00,585.8,0.3333333333333333,3,0.0,0.0,0.0,0.0,0.0
0.9,575.2,51,2026-03-20 03:00:00+00:00,2026-03-20 03:40:00+00:00,2026-03-20 03:10:00+00:00,584.7,0.6666666666666666,5,0.0,0.0,0.0,0.0,0.0
0.9,575.2,52,2026-03-21 12:40:00+00:00,2026-03-21 12:40:00+00:00,2026-03-21 12:40:00+00:00,578.4,0.0,1,0.0,0.0,0.0,0.0,0.0
0.9,575.2,53,2026-03-22 12:00:00+00:00,2026-03-22 12:10:00+00:00,2026-03-22 12:10:00+00:00,580.5,0.16666666666666666,2,0.0,0.0,0.0,0.0,0.0
0.9,575.2,54,2026-03-23 20:30:00+00:00,2026-03-23 20:50:00+00:00,2026-03-23 20:30:00+00:00,578.4,0.3333333333333333,3,0.0,0.0,0.0,0.0,0.0
0.9,575.2,55,2026-03-28 20:10:00+00:00,2026-03-28 20:10:00+00:00,2026-03-28 20:10:00+00:00,738.0,0.0,1,0.0,0.0,0.0,0.0,0.0
0.9,575.2,56,2026-03-29 17:00:00+00:00,2026-03-29 17:30:00+00:00,2026-03-29 17:30:00+00:00,586.9,0.5,4,0.0,0.0,0.0,0.0,0.0
0.9,575.2,57,2026-04-13 01:40:00+00:00,2026-04-13 02:40:00+00:00,2026-04-13 02:40:00+00:00,579.5,1.0,5,0.0,0.0,0.0,0.0,0.0
0.9,575.2,58,2026-05-07 12:40:00+00:00,2026-05-07 16:30:00+00:00,2026-05-07 14:10:00+00:00,618.6,3.8333333333333335,17,0.0,0.0,0.0,0.0,0.0
0.9,575.2,59,2026-05-08 14:10:00+00:00,2026-05-08 14:20:00+00:00,2026-05-08 14:10:00+00:00,576.3,0.16666666666666666,2,0.0,0.0,0.0,0.0,0.0
0.9,575.2,60,2026-05-11 02:20:00+00:00,2026-05-11 02:20:00+00:00,2026-05-11 02:20:00+00:00,578.4,0.0,1,0.0,0.0,0.0,0.4,0.4
0.9,575.2,61,2026-05-12 00:30:00+00:00,2026-05-12 03:00:00+00:00,2026-05-12 01:30:00+00:00,594.3,2.5,15,0.0,0.0,0.0,0.0,0.0
0.9,575.2,62,2026-05-14 12:10:00+00:00,2026-05-14 12:10:00+00:00,2026-05-14 12:10:00+00:00,577.4,0.0,1,0.0,0.0,0.0,2.0,2.0
0.9,575.2,63,2026-05-15 11:30:00+00:00,2026-05-15 14:30:00+00:00,2026-05-15 13:50:00+00:00,617.5,3.0,18,0.0,0.0,0.0,0.0,0.0
0.9,575.2,64,2026-05-16 00:50:00+00:00,2026-05-16 03:30:00+00:00,2026-05-16 02:10:00+00:00,595.3,2.6666666666666665,16,0.0,0.0,0.0,0.0,0.0
0.9,575.2,65,2026-05-16 16:40:00+00:00,2026-05-16 18:50:00+00:00,2026-05-16 18:20:00+00:00,609.1,2.1666666666666665,14,0.0,0.0,32.0,55.0,55.0
0.9,575.2,66,2026-05-17 17:00:00+00:00,2026-05-18 00:40:00+00:00,2026-05-18 00:30:00+00:00,600.6,7.666666666666667,35,0.0,0.0,0.0,68.8,68.8
0.9,575.2,67,2026-05-18 13:50:00+00:00,2026-05-18 14:50:00+00:00,2026-05-18 14:20:00+00:00,586.9,1.0,7,0.0,0.0,5.0,20.200000000000003,20.200000000000003
0.9,575.2,68,2026-05-18 23:10:00+00:00,2026-05-19 00:40:00+00:00,2026-05-19 00:40:00+00:00,601.7,1.5,9,0.0,0.0,0.0,0.0,20.200000000000003
0.9,575.2,69,2026-05-20 02:10:00+00:00,2026-05-20 02:10:00+00:00,2026-05-20 02:10:00+00:00,576.3,0.0,1,0.0,0.0,0.0,0.0,0.4
0.9,575.2,70,2026-05-20 19:40:00+00:00,2026-05-20 22:00:00+00:00,2026-05-20 21:50:00+00:00,592.1,2.3333333333333335,15,0.0,0.0,0.0,1.7999999999999998,1.7999999999999998
0.9,575.2,71,2026-05-25 23:30:00+00:00,2026-05-26 02:10:00+00:00,2026-05-26 02:00:00+00:00,618.6,2.6666666666666665,15,0.0,0.0,0.0,0.0,0.0
0.9,575.2,72,2026-05-26 23:40:00+00:00,2026-05-27 03:20:00+00:00,2026-05-27 01:10:00+00:00,629.1,3.6666666666666665,22,0.0,0.0,0.0,0.0,0.0
0.9,575.2,73,2026-05-27 20:00:00+00:00,2026-05-28 01:40:00+00:00,2026-05-27 21:40:00+00:00,599.5,5.666666666666667,15,0.0,0.0,0.0,0.4,0.4
0.9,575.2,74,2026-05-31 01:50:00+00:00,2026-05-31 02:10:00+00:00,2026-05-31 01:50:00+00:00,581.6,0.3333333333333333,3,0.0,0.0,0.0,0.0,0.0
0.9,575.2,75,2026-05-31 17:20:00+00:00,2026-05-31 21:40:00+00:00,2026-05-31 20:00:00+00:00,649.2,4.333333333333333,27,0.0,0.0,0.0,0.0,0.0
0.9,575.2,76,2026-06-01 13:10:00+00:00,2026-06-01 13:40:00+00:00,2026-06-01 13:40:00+00:00,583.7,0.5,4,0.0,0.0,0.0,0.0,0.0
0.9,575.2,77,2026-06-03 02:00:00+00:00,2026-06-03 02:40:00+00:00,2026-06-03 02:00:00+00:00,591.1,0.6666666666666666,5,0.0,0.0,0.0,0.0,0.0
0.9,575.2,78,2026-06-03 13:20:00+00:00,2026-06-03 13:50:00+00:00,2026-06-03 13:40:00+00:00,583.7,0.5,4,0.0,0.0,0.0,0.0,0.0
0.9,575.2,79,2026-06-04 01:00:00+00:00,2026-06-04 02:30:00+00:00,2026-06-04 02:20:00+00:00,604.8,1.5,9,0.0,0.0,0.0,0.0,0.0
0.9,575.2,80,2026-06-04 22:10:00+00:00,2026-06-04 23:30:00+00:00,2026-06-04 22:30:00+00:00,586.9,1.3333333333333333,9,0.0,0.0,0.0,0.0,0.0
0.9,575.2,81,2026-06-08 22:30:00+00:00,2026-06-09 02:40:00+00:00,2026-06-09 01:20:00+00:00,628.1,4.166666666666667,16,0.0,0.0,0.0,0.0,0.0
0.9,575.2,82,2026-06-09 13:30:00+00:00,2026-06-09 14:00:00+00:00,2026-06-09 14:00:00+00:00,590.0,0.5,2,0.0,0.0,0.0,0.0,0.0
0.9,575.2,83,2026-06-10 12:40:00+00:00,2026-06-10 14:10:00+00:00,2026-06-10 13:30:00+00:00,597.4,1.5,7,0.0,0.0,8.8,8.8,10.0
0.9,575.2,84,2026-06-12 09:20:00+00:00,2026-06-12 12:00:00+00:00,2026-06-12 11:20:00+00:00,603.8,2.6666666666666665,9,0.0,0.4,0.4,0.4,0.4
0.9,575.2,85,2026-06-13 02:00:00+00:00,2026-06-13 12:20:00+00:00,2026-06-13 11:00:00+00:00,608.0,10.333333333333334,32,0.0,0.0,0.0,0.0,0.4
0.9,575.2,86,2026-06-13 22:10:00+00:00,2026-06-13 23:40:00+00:00,2026-06-13 23:30:00+00:00,593.2,1.5,10,0.0,0.0,0.0,2.0,2.0
0.9,575.2,87,2026-06-14 13:00:00+00:00,2026-06-14 14:30:00+00:00,2026-06-14 14:20:00+00:00,599.5,1.5,10,0.0,0.0,0.0,0.0,0.0
0.9,575.2,88,2026-06-15 04:20:00+00:00,2026-06-15 08:30:00+00:00,2026-06-15 08:30:00+00:00,591.1,4.166666666666667,16,0.0,0.0,0.0,0.0,0.0
0.9,575.2,89,2026-06-17 05:00:00+00:00,2026-06-17 10:30:00+00:00,2026-06-17 10:00:00+00:00,598.5,5.5,24,0.0,0.0,0.0,0.0,0.8
0.9,575.2,90,2026-06-18 00:30:00+00:00,2026-06-18 01:50:00+00:00,2026-06-18 01:40:00+00:00,606.9,1.3333333333333333,9,0.0,0.0,0.0,0.0,9.0
0.9,575.2,91,2026-06-19 12:40:00+00:00,2026-06-19 14:50:00+00:00,2026-06-19 14:40:00+00:00,591.1,2.1666666666666665,10,0.0,0.0,0.0,0.0,0.0
0.9,575.2,92,2026-06-25 02:30:00+00:00,2026-06-25 03:30:00+00:00,2026-06-25 02:50:00+00:00,592.15,1.0,5,0.0,0.0,0.0,0.0,0.0
0.9,575.2,93,2026-06-25 12:10:00+00:00,2026-06-25 14:20:00+00:00,2026-06-25 13:10:00+00:00,613.3,2.1666666666666665,12,0.0,0.0,0.0,0.0,0.0
0.9,575.2,94,2026-06-26 09:40:00+00:00,2026-06-26 13:20:00+00:00,2026-06-26 10:30:00+00:00,600.6,3.6666666666666665,18,0.0,0.0,0.0,0.0,0.0
0.9,575.2,95,2026-06-27 13:00:00+00:00,2026-06-27 13:00:00+00:00,2026-06-27 13:00:00+00:00,576.3,0.0,1,0.0,0.0,0.0,0.0,0.0
0.9,575.2,96,2026-06-29 12:50:00+00:00,2026-06-29 20:50:00+00:00,2026-06-29 13:10:00+00:00,605.9,8.0,14,0.0,0.0,8.600000000000001,15.8,15.8
0.9,575.2,97,2026-06-30 13:10:00+00:00,2026-07-01 12:20:00+00:00,2026-06-30 14:40:00+00:00,615.4,23.166666666666668,73,0.0,0.0,0.0,0.0,0.0
0.9,575.2,98,2026-07-02 13:30:00+00:00,2026-07-02 14:40:00+00:00,2026-07-02 14:40:00+00:00,580.5,1.1666666666666667,5,0.0,0.0,0.0,0.0,0.0
0.9,575.2,99,2026-07-06 12:40:00+00:00,2026-07-06 12:50:00+00:00,2026-07-06 12:50:00+00:00,582.6,0.16666666666666666,2,0.4,1.0,6.4,6.4,6.4
0.9,575.2,100,2026-07-07 20:20:00+00:00,2026-07-07 21:00:00+00:00,2026-07-07 21:00:00+00:00,583.7,0.6666666666666666,5,0.0,0.0,0.0,0.2,3.4000000000000004
0.9,575.2,101,2026-07-08 11:40:00+00:00,2026-07-08 12:10:00+00:00,2026-07-08 11:40:00+00:00,576.3,0.5,2,0.0,0.0,0.0,0.0,0.0
0.9,575.2,102,2026-07-09 15:50:00+00:00,2026-07-09 15:50:00+00:00,2026-07-09 15:50:00+00:00,576.3,0.0,1,0.0,0.0,0.0,0.0,0.0
0.9,575.2,103,2026-07-09 23:00:00+00:00,2026-07-10 00:40:00+00:00,2026-07-10 00:20:00+00:00,587.9,1.6666666666666667,5,0.0,0.0,0.0,0.0,0.0
0.9,575.2,104,2026-07-10 15:40:00+00:00,2026-07-10 16:00:00+00:00,2026-07-10 16:00:00+00:00,578.4,0.3333333333333333,3,0.0,0.0,0.0,0.0,0.0
0.9,575.2,105,2026-07-12 19:50:00+00:00,2026-07-12 19:50:00+00:00,2026-07-12 19:50:00+00:00,579.5,0.0,1,0.0,0.0,0.0,0.0,1.6
0.9,575.2,106,2026-07-18 20:20:00+00:00,2026-07-18 20:20:00+00:00,2026-07-18 20:20:00+00:00,576.3,0.0,1,0.0,0.0,0.0,0.0,0.0
0.9,575.2,107,2026-07-20 17:20:00+00:00,2026-07-20 21:20:00+00:00,2026-07-20 19:40:00+00:00,609.1,4.0,23,0.0,0.0,0.0,0.0,0.0
0.9,575.2,108,2026-07-22 14:40:00+00:00,2026-07-22 15:00:00+00:00,2026-07-22 15:00:00+00:00,580.5,0.3333333333333333,3,0.0,0.0,0.0,0.0,0.0
0.9,575.2,109,2026-07-28 12:40:00+00:00,2026-07-28 13:00:00+00:00,2026-07-28 12:50:00+00:00,591.1,0.3333333333333333,3,0.0,0.0,0.0,0.0,0.0
0.9,575.2,110,2026-07-30 13:50:00+00:00,2026-07-30 14:30:00+00:00,2026-07-30 14:30:00+00:00,598.5,0.6666666666666666,5,0.0,40.6,41.0,41.0,41.0
0.9,575.2,111,2026-08-01 11:00:00+00:00,2026-08-01 11:30:00+00:00,2026-08-01 11:30:00+00:00,595.3,0.5,4,0.0,6.6,9.4,9.4,9.4
0.9,575.2,112,2026-09-10 16:30:00+00:00,2026-09-10 21:00:00+00:00,2026-09-10 18:10:00+00:00,654.5,4.5,28,2.0,2.0,2.6,2.8000000000000003,25.8
0.9,575.2,113,2026-09-11 04:50:00+00:00,2026-09-11 07:40:00+00:00,2026-09-11 06:40:00+00:00,657.7,2.8333333333333335,18,14.799999999999999,24.999999999999996,46.6,78.4,85.4
0.9,575.2,114,2026-09-11 15:30:00+00:00,2026-09-14 10:20:00+00:00,2026-09-12 21:00:00+00:00,1259.2,66.83333333333333,339,0.0,0.2,25.0,66.6,128.6
0.9,575.2,115,2026-09-14 17:30:00+00:00,2026-09-14 23:20:00+00:00,2026-09-14 20:20:00+00:00,757.1,5.833333333333333,36,0.2,0.2,0.8,2.2,2.2
0.9,575.2,116,2026-09-15 07:10:00+00:00,2026-09-15 10:00:00+00:00,2026-09-15 08:20:00+00:00,635.5,2.8333333333333335,16,0.0,0.0,0.0,0.2,2.4000000000000004
0.9,575.2,117,2026-09-15 19:00:00+00:00,2026-09-15 23:00:00+00:00,2026-09-15 20:30:00+00:00,663.0,4.0,25,0.0,0.0,0.0,4.800000000000001,5.000000000000001
0.9,575.2,118,2026-09-16 08:20:00+00:00,2026-09-16 10:10:00+00:00,2026-09-16 09:10:00+00:00,616.5,1.8333333333333333,12,0.0,32.2,32.2,32.4,37.2
0.9,575.2,119,2026-09-16 20:40:00+00:00,2026-09-16 23:10:00+00:00,2026-09-16 21:40:00+00:00,604.8,2.5,16,0.0,0.0,0.0,0.0,32.4
0.9,575.2,120,2026-09-17 09:10:00+00:00,2026-09-17 10:50:00+00:00,2026-09-17 09:40:00+00:00,608.0,1.6666666666666667,11,0.4,2.8,2.8000000000000007,2.8000000000000003,2.8000000000000003
0.9,575.2,121,2026-09-23 15:20:00+00:00,2026-09-23 16:00:00+00:00,2026-09-23 15:20:00+00:00,582.6,0.6666666666666666,3,0.8,3.2,3.8000000000000003,3.8,46.0
0.9,575.2,122,2026-09-24 16:10:00+00:00,2026-09-24 17:10:00+00:00,2026-09-24 16:40:00+00:00,600.6,1.0,7,0.0,0.0,0.0,1.2,1.4
0.9,575.2,123,2026-09-25 16:50:00+00:00,2026-09-25 17:40:00+00:00,2026-09-25 17:30:00+00:00,585.8,0.8333333333333334,6,0.0,0.0,0.0,69.4,69.60000000000001
0.9,575.2,124,2026-09-26 02:50:00+00:00,2026-09-26 02:50:00+00:00,2026-09-26 02:50:00+00:00,711.6,0.0,1,0.0,0.0,0.0,0.0,69.4
0.9,575.2,125,2026-09-26 17:30:00+00:00,2026-09-26 18:40:00+00:00,2026-09-26 17:40:00+00:00,592.1,1.1666666666666667,8,0.0,0.0,0.0,53.400000000000006,53.400000000000006
0.9,575.2,126,2026-09-27 17:00:00+00:00,2026-09-27 19:30:00+00:00,2026-09-27 18:10:00+00:00,636.5,2.5,16,0.0,0.0,0.0,5.3999999999999995,5.3999999999999995
0.95,675.8500000000015,1,2025-11-14 18:50:00+00:00,2025-11-24 10:20:00+00:00,2025-11-17 07:10:00+00:00,3011.8,231.5,1359,,,,,
0.95,675.8500000000015,2,2025-11-25 09:00:00+00:00,2025-11-25 09:30:00+00:00,2025-11-25 09:30:00+00:00,683.1,0.5,4,0.2,10.0,16.8,22.8,38.8
0.95,675.8500000000015,3,2025-11-27 00:00:00+00:00,2025-11-27 00:50:00+00:00,2025-11-27 00:50:00+00:00,686.2,0.8333333333333334,3,0.0,0.0,0.4,0.4,15.000000000000002
0.95,675.8500000000015,4,2025-11-27 07:10:00+00:00,2025-11-28 15:20:00+00:00,2025-11-28 10:10:00+00:00,811.0,32.166666666666664,177,0.0,0.0,0.0,0.2,0.6000000000000001
0.95,675.8500000000015,5,2025-11-29 09:50:00+00:00,2025-11-30 17:40:00+00:00,2025-11-29 12:50:00+00:00,828.9,31.833333333333332,129,0.0,0.0,0.0,0.0,0.0
0.95,675.8500000000015,6,2025-12-01 06:40:00+00:00,2025-12-01 19:30:00+00:00,2025-12-01 14:40:00+00:00,837.4,12.833333333333334,76,0.2,0.8,1.8,2.6,2.6
0.95,675.8500000000015,7,2025-12-03 13:00:00+00:00,2025-12-03 20:20:00+00:00,2025-12-03 16:50:00+00:00,886.0,7.333333333333333,45,3.0,14.4,24.8,42.2,43.400000000000006
0.95,675.8500000000015,8,2025-12-04 04:30:00+00:00,2025-12-04 06:10:00+00:00,2025-12-04 04:50:00+00:00,696.8,1.6666666666666667,8,0.0,6.2,20.8,39.0,101.2
0.95,675.8500000000015,9,2025-12-04 14:40:00+00:00,2025-12-04 20:10:00+00:00,2025-12-04 17:30:00+00:00,815.2,5.5,34,2.9999999999999996,10.4,12.2,20.599999999999998,74.19999999999999
0.95,675.8500000000015,10,2025-12-05 15:40:00+00:00,2025-12-05 20:30:00+00:00,2025-12-05 18:00:00+00:00,789.8,4.833333333333333,30,0.0,0.2,0.4,2.0,15.399999999999999
0.95,675.8500000000015,11,2025-12-10 09:10:00+00:00,2025-12-10 10:00:00+00:00,2025-12-10 09:20:00+00:00,693.6,0.8333333333333334,6,1.5999999999999999,6.400000000000001,8.999999999999998,10.8,11.600000000000001
0.95,675.8500000000015,12,2025-12-11 09:40:00+00:00,2025-12-11 11:00:00+00:00,2025-12-11 10:30:00+00:00,689.4,1.3333333333333333,8,0.0,2.4,2.6,3.0,24.599999999999998
0.95,675.8500000000015,13,2025-12-13 13:20:00+00:00,2025-12-13 13:30:00+00:00,2025-12-13 13:30:00+00:00,683.1,0.16666666666666666,2,0.0,0.4,0.4,12.8,13.0
0.95,675.8500000000015,14,2025-12-14 11:40:00+00:00,2025-12-14 16:10:00+00:00,2025-12-14 14:00:00+00:00,768.7,4.5,28,4.4,18.599999999999998,28.400000000000002,50.400000000000006,68.0
0.95,675.8500000000015,15,2025-12-23 06:50:00+00:00,2025-12-23 09:20:00+00:00,2025-12-23 07:50:00+00:00,725.3,2.5,16,0.0,0.0,0.0,0.0,13.399999999999999
0.95,675.8500000000015,16,2025-12-27 09:40:00+00:00,2025-12-27 11:30:00+00:00,2025-12-27 10:20:00+00:00,712.7,1.8333333333333333,12,0.0,0.2,0.2,1.4000000000000001,3.2
0.95,675.8500000000015,17,2025-12-28 11:00:00+00:00,2025-12-28 11:40:00+00:00,2025-12-28 11:40:00+00:00,684.1,0.6666666666666666,5,0.2,0.8,1.6,1.6,4.4
0.95,675.8500000000015,18,2026-01-02 13:30:00+00:00,2026-01-02 19:10:00+00:00,2026-01-02 16:20:00+00:00,797.2,5.666666666666667,34,0.2,5.2,5.199999999999999,5.199999999999999,6.999999999999999
0.95,675.8500000000015,19,2026-01-03 15:50:00+00:00,2026-01-03 19:30:00+00:00,2026-01-03 17:30:00+00:00,762.3,3.6666666666666665,23,0.0,0.0,0.0,0.0,0.2
0.95,675.8500000000015,20,2026-03-28 20:10:00+00:00,2026-03-28 20:10:00+00:00,2026-03-28 20:10:00+00:00,738.0,0.0,1,0.0,0.0,0.0,0.0,0.0
0.95,675.8500000000015,21,2026-09-11 16:10:00+00:00,2026-09-13 23:10:00+00:00,2026-09-12 21:00:00+00:00,1259.2,55.0,262,0.0,0.0,24.4,45.6,126.6
0.95,675.8500000000015,22,2026-09-14 06:50:00+00:00,2026-09-14 09:10:00+00:00,2026-09-14 08:00:00+00:00,740.1,2.3333333333333335,15,0.0,0.0,0.0,0.0,1.2000000000000002
0.95,675.8500000000015,23,2026-09-14 18:40:00+00:00,2026-09-14 22:00:00+00:00,2026-09-14 20:20:00+00:00,757.1,3.3333333333333335,21,0.0,0.2,0.6000000000000001,2.2,2.2
0.95,675.8500000000015,24,2026-09-26 02:50:00+00:00,2026-09-26 02:50:00+00:00,2026-09-26 02:50:00+00:00,711.6,0.0,1,0.0,0.0,0.0,0.0,69.4
0.99,1378.0830000000067,1,2025-11-16 12:20:00+00:00,2025-11-19 21:20:00+00:00,2025-11-17 07:10:00+00:00,3011.8,81.0,460,0.2,4.0,4.2,49.400000000000006,95.2
