feature_group,column_count,mean_missing_rate,min_missing_rate,max_missing_rate
rain_current,14,0.03968702631513555,4.348582362149939e-05,0.21612454339885198
rain_rolling,56,0.05173104639316154,0.0003696295007827448,0.22245173073578015
missing_flags,37,0.0,0.0,0.0
water_level_current,1,0.00030440076535049573,0.00030440076535049573,0.00030440076535049573
water_level_lags,4,0.00045660114802574363,0.0003261436771612454,0.0006957731779439903
reservoir_current,14,0.9245132693884649,0.8832623064880849,0.9998477996173247
reservoir_lags,28,0.9245132693884652,0.8832623064880849,0.9998477996173247
reservoir_forward_fill_flags,14,0.0,0.0,0.0
wind_current,8,0.5495086101930771,0.5473125761001914,0.5517046442859628
wind_network_indicators,2,0.0,0.0,0.0
targets,3,0.0007392590015654897,0.0004348582362149939,0.0010871455905374849
