feature,missing_rate
water_level_depth,0.0
water_level_lag_60m,0.00013044612575006522
water_level_lag_180m,0.0003913383772501957
water_level_missing,0.0
rain_750062_depth,0.00013044612575006522
rain_750062_sum_3h,0.0003913383772501957
rain_750062_sum_6h,0.0007826767545003914
rain_750062_sum_12h,0.0015653535090007827
rain_750062_sum_24h,0.0031307070180015655
rain_750062_missing,0.0
rain_750007_depth,0.0
rain_750007_sum_3h,0.0
rain_750007_sum_6h,0.0
rain_750007_sum_12h,0.0
rain_750007_sum_24h,0.0
rain_750007_missing,0.0
rain_750003_depth,0.002348030263501174
rain_750003_sum_3h,0.0026089225150013043
rain_750003_sum_6h,0.0030002608922515
rain_750003_sum_12h,0.0037829376467518913
rain_750003_sum_24h,0.0053482911557526745
rain_750003_missing,0.0
rain_750011_depth,0.0
rain_750011_sum_3h,0.0
rain_750011_sum_6h,0.0
rain_750011_sum_12h,0.0
rain_750011_sum_24h,0.0
rain_750011_missing,0.0
wind_28f350b6_8149_45b0_98d2_49c3096cd9a3_ws,0.5466997130185234
wind_28f350b6_8149_45b0_98d2_49c3096cd9a3_ws_missing,0.0
wind_28f350b6_8149_45b0_98d2_49c3096cd9a3_wsg,0.5466997130185234
wind_28f350b6_8149_45b0_98d2_49c3096cd9a3_wsg_missing,0.0
wind_28f350b6_8149_45b0_98d2_49c3096cd9a3_wd,0.5466997130185234
wind_28f350b6_8149_45b0_98d2_49c3096cd9a3_wd_missing,0.0
wind_28f350b6_8149_45b0_98d2_49c3096cd9a3_wdg,0.5466997130185234
wind_28f350b6_8149_45b0_98d2_49c3096cd9a3_wdg_missing,0.0
wind_2d9b1c98_16ec_4681_9d23_0769a49aedaa_ws,0.5511348812940255
wind_2d9b1c98_16ec_4681_9d23_0769a49aedaa_ws_missing,0.0
wind_2d9b1c98_16ec_4681_9d23_0769a49aedaa_wsg,0.5511348812940255
wind_2d9b1c98_16ec_4681_9d23_0769a49aedaa_wsg_missing,0.0
wind_2d9b1c98_16ec_4681_9d23_0769a49aedaa_wd,0.5511348812940255
wind_2d9b1c98_16ec_4681_9d23_0769a49aedaa_wd_missing,0.0
wind_2d9b1c98_16ec_4681_9d23_0769a49aedaa_wdg,0.5511348812940255
wind_2d9b1c98_16ec_4681_9d23_0769a49aedaa_wdg_missing,0.0
wind_network_available_station_count,0.0
wind_network_missing,0.0
flood_season,0.0
