input,lag_hours,subset,water_level_correlation,water_level_pairs,six_hour_rise_correlation,rise_pairs
rain_depth,0,all,0.12458107099602106,45863,0.04546558441614272,45844.0
rain_depth,0,high_water_p90,0.1648170071890995,4546,0.12611147804797446,4540.0
rain_depth,0,rapid_rise_p90,0.31535227327923965,4540,0.19338703722150444,4540.0
rain_depth,1,all,0.13191827128970454,45856,0.052670902373768536,45843.0
rain_depth,1,high_water_p90,0.18531208595667395,4542,0.14010370822041945,4542.0
rain_depth,1,rapid_rise_p90,0.2910434917904546,4540,0.15023576378929235,4540.0
rain_depth,2,all,0.13872097993262708,45850,0.04882679334759874,45836.0
rain_depth,2,high_water_p90,0.19234798018504673,4536,0.1338054742979011,4536.0
rain_depth,2,rapid_rise_p90,0.27158487903934875,4542,0.08094873091644185,4542.0
rain_depth,3,all,0.14344915449291337,45844,0.033885902765624226,45830.0
rain_depth,3,high_water_p90,0.18261188730222985,4531,0.0846895215876537,4531.0
rain_depth,3,rapid_rise_p90,0.37507161007516,4543,0.09593361244593007,4543.0
rain_depth,6,all,0.1549644251763082,45826,0.02500607289079263,45812.0
rain_depth,6,high_water_p90,0.21161390593859264,4514,0.052316088051494535,4514.0
rain_depth,6,rapid_rise_p90,0.25284069976886253,4542,0.11391908284311601,4542.0
rain_depth,12,all,0.15241263189555884,45790,-0.015580261214388002,45776.0
rain_depth,12,high_water_p90,0.2193156754604345,4473,-0.01706440221992063,4473.0
rain_depth,12,rapid_rise_p90,0.22643755585693992,4540,0.05287196229199121,4540.0
rain_depth,24,all,0.14468879676076057,45718,-0.02406619172645418,45704.0
rain_depth,24,high_water_p90,0.2778594679679037,4401,-0.07257465657074184,4401.0
rain_depth,24,rapid_rise_p90,0.21596398867803748,4535,0.04516876546426017,4535.0
rain_depth,48,all,0.09903962560646729,45574,-0.01900294873817547,45560.0
rain_depth,48,high_water_p90,0.1386095089208384,4257,-0.05363728894351911,4257.0
rain_depth,48,rapid_rise_p90,0.08349754419322834,4453,0.02811319891638926,4453.0
wind_speed,0,all,0.34322040793479514,20813,,
wind_speed,0,high_water_p90,0.41578197253044474,3724,,
wind_speed,0,rapid_rise_p90,0.3846971529504894,3204,,
wind_speed,1,all,0.3511910480667272,20807,,
wind_speed,1,high_water_p90,0.4121861543510692,3720,,
wind_speed,1,rapid_rise_p90,0.39179527727473024,3209,,
wind_speed,2,all,0.36005144324000493,20801,,
wind_speed,2,high_water_p90,0.4064732121263678,3720,,
wind_speed,2,rapid_rise_p90,0.4062418002694128,3207,,
wind_speed,3,all,0.3691195399576776,20795,,
wind_speed,3,high_water_p90,0.4062149449195244,3720,,
wind_speed,3,rapid_rise_p90,0.4168980558349252,3206,,
wind_speed,6,all,0.38739670430023204,20777,,
wind_speed,6,high_water_p90,0.398910035595985,3720,,
wind_speed,6,rapid_rise_p90,0.45442708832313977,3207,,
wind_speed,12,all,0.3778565909039663,20741,,
wind_speed,12,high_water_p90,0.424247566762707,3705,,
wind_speed,12,rapid_rise_p90,0.49176333070419775,3208,,
wind_speed,24,all,0.3199700883751836,20669,,
wind_speed,24,high_water_p90,0.40878732208455915,3676,,
wind_speed,24,rapid_rise_p90,0.3365173196301996,3212,,
wind_speed,48,all,0.2010416901231187,20525,,
wind_speed,48,high_water_p90,0.24530889329270278,3581,,
wind_speed,48,rapid_rise_p90,0.14715881218127147,3147,,
wind_gust,0,all,0.33490971394707697,20813,,
wind_gust,0,high_water_p90,0.4257702676293284,3724,,
wind_gust,0,rapid_rise_p90,0.3859008536295449,3204,,
wind_gust,1,all,0.34369448787158163,20807,,
wind_gust,1,high_water_p90,0.42076229106411267,3720,,
wind_gust,1,rapid_rise_p90,0.3940328693789603,3209,,
wind_gust,2,all,0.35292838099272283,20801,,
wind_gust,2,high_water_p90,0.41607021124614635,3720,,
wind_gust,2,rapid_rise_p90,0.4105056800902153,3207,,
wind_gust,3,all,0.3621989802168609,20795,,
wind_gust,3,high_water_p90,0.4153231748114562,3720,,
wind_gust,3,rapid_rise_p90,0.4241479266363503,3206,,
wind_gust,6,all,0.3800100531609535,20777,,
wind_gust,6,high_water_p90,0.41109615760925927,3720,,
wind_gust,6,rapid_rise_p90,0.46776388811053843,3207,,
wind_gust,12,all,0.37018577076900094,20741,,
wind_gust,12,high_water_p90,0.43963592782337096,3705,,
wind_gust,12,rapid_rise_p90,0.5001421899344721,3208,,
wind_gust,24,all,0.31386164264759153,20669,,
wind_gust,24,high_water_p90,0.4343137398157097,3676,,
wind_gust,24,rapid_rise_p90,0.3347419815605499,3212,,
wind_gust,48,all,0.19243408796461206,20525,,
wind_gust,48,high_water_p90,0.25284875630586473,3581,,
wind_gust,48,rapid_rise_p90,0.13123510114958348,3147,,
