Objective,Priority,Data needed
Baseline water-level,MUST HAVE,"Confirmed units, datum, sensor QA/QC, and official station metadata"
Baseline water-level,SHOULD HAVE,Several years of co-located/upstream rain and water-level history
Baseline water-level,SHOULD HAVE,Tide level and upstream gauges; Dã Viên may have downstream/backwater influences
OpenHydroNet fine-tuning,MUST HAVE,Discharge target or validated time-varying rating curve from stage to discharge
OpenHydroNet fine-tuning,MUST HAVE,Catchment boundary and pretrained-compatible static attributes
OpenHydroNet fine-tuning,MUST HAVE,Historical and forecast meteorological variables matching the pretrained config/scaler
OpenHydroNet fine-tuning,SHOULD HAVE,Long local record with multiple independent floods and regulated-flow metadata
Operational warning,MUST HAVE,Official alert/flood thresholds and reference datum
Operational warning,MUST HAVE,"Real-time robust feeds, forecast rainfall, latency and outage monitoring"
Operational warning,MUST HAVE,Reservoir releases/operations and verified upstream-downstream/catchment relationships
Operational warning,SHOULD HAVE,"DEM, river network, land cover, soils and rainfall radar"
Operational warning,OPTIONAL,Additional wind observations after demonstrating incremental skill
