series,month,availability
rain_observations.csv:14690,2025-10,0.011872759856630824
rain_observations.csv:14690,2025-11,0.9986111111111111
rain_observations.csv:14690,2025-12,0.9988799283154122
rain_observations.csv:14690,2026-01,1.0
rain_observations.csv:14690,2026-02,0.9995039682539683
rain_observations.csv:14690,2026-03,0.9997759856630825
rain_observations.csv:14690,2026-04,0.9997685185185186
rain_observations.csv:14690,2026-05,0.9995519713261649
rain_observations.csv:14690,2026-06,0.9993055555555556
rain_observations.csv:14690,2026-07,0.9997759856630825
rain_observations.csv:14690,2026-08,0.9764784946236559
rain_observations.csv:14690,2026-09,0.9719907407407408
rain_observations.csv:14696,2025-10,0.011872759856630824
rain_observations.csv:14696,2025-11,1.0
rain_observations.csv:14696,2025-12,1.0
rain_observations.csv:14696,2026-01,1.0
rain_observations.csv:14696,2026-02,1.0
rain_observations.csv:14696,2026-03,1.0
rain_observations.csv:14696,2026-04,1.0
rain_observations.csv:14696,2026-05,0.9995519713261649
rain_observations.csv:14696,2026-06,1.0
rain_observations.csv:14696,2026-07,1.0
rain_observations.csv:14696,2026-08,1.0
rain_observations.csv:14696,2026-09,0.9724537037037037
rain_observations.csv:14699,2025-10,0.011872759856630824
rain_observations.csv:14699,2025-11,0.999537037037037
rain_observations.csv:14699,2025-12,0.9991039426523297
rain_observations.csv:14699,2026-01,0.9997759856630825
rain_observations.csv:14699,2026-02,0.9997519841269841
rain_observations.csv:14699,2026-03,0.9991039426523297
rain_observations.csv:14699,2026-04,0.9997685185185186
rain_observations.csv:14699,2026-05,0.9991039426523297
rain_observations.csv:14699,2026-06,0.9993055555555556
rain_observations.csv:14699,2026-07,1.0
rain_observations.csv:14699,2026-08,0.9623655913978495
rain_observations.csv:14699,2026-09,0.9717592592592592
rain_observations.csv:228005,2026-03,0.2578405017921147
rain_observations.csv:228005,2026-04,1.0
rain_observations.csv:228005,2026-05,0.9995519713261649
rain_observations.csv:228005,2026-06,1.0
rain_observations.csv:228005,2026-07,1.0
rain_observations.csv:228005,2026-08,1.0
rain_observations.csv:228005,2026-09,0.9724537037037037
rain_observations.csv:228006,2026-01,0.2968189964157706
rain_observations.csv:228006,2026-02,1.0
rain_observations.csv:228006,2026-03,1.0
rain_observations.csv:228006,2026-04,1.0
rain_observations.csv:228006,2026-05,0.9995519713261649
rain_observations.csv:228006,2026-06,1.0
rain_observations.csv:228006,2026-07,1.0
rain_observations.csv:228006,2026-08,1.0
rain_observations.csv:228006,2026-09,0.9724537037037037
rain_observations.csv:567011,2025-10,0.011872759856630824
rain_observations.csv:567011,2025-11,0.9997685185185186
rain_observations.csv:567011,2025-12,0.9993279569892473
rain_observations.csv:567011,2026-01,1.0
rain_observations.csv:567011,2026-02,1.0
rain_observations.csv:567011,2026-03,1.0
rain_observations.csv:567011,2026-04,0.9997685185185186
rain_observations.csv:567011,2026-05,0.9995519713261649
rain_observations.csv:567011,2026-06,1.0
rain_observations.csv:567011,2026-07,0.9796146953405018
rain_observations.csv:567011,2026-08,1.0
rain_observations.csv:567011,2026-09,0.9724537037037037
rain_observations.csv:677493,2025-10,0.011872759856630824
rain_observations.csv:677493,2025-11,1.0
rain_observations.csv:677493,2025-12,1.0
rain_observations.csv:677493,2026-01,1.0
rain_observations.csv:677493,2026-02,1.0
rain_observations.csv:677493,2026-03,1.0
rain_observations.csv:677493,2026-04,1.0
rain_observations.csv:677493,2026-05,0.9995519713261649
rain_observations.csv:677493,2026-06,1.0
rain_observations.csv:677493,2026-07,1.0
rain_observations.csv:677493,2026-08,1.0
rain_observations.csv:677493,2026-09,0.9724537037037037
rain_observations.csv:677851,2025-10,0.011872759856630824
rain_observations.csv:677851,2025-11,1.0
rain_observations.csv:677851,2025-12,0.9986559139784946
rain_observations.csv:677851,2026-01,0.9997759856630825
rain_observations.csv:677851,2026-02,1.0
rain_observations.csv:677851,2026-03,0.996415770609319
rain_observations.csv:677851,2026-04,0.999537037037037
rain_observations.csv:677851,2026-05,0.9993279569892473
rain_observations.csv:677851,2026-06,1.0
rain_observations.csv:677851,2026-07,0.9997759856630825
rain_observations.csv:677851,2026-08,1.0
rain_observations.csv:677851,2026-09,0.9722222222222222
rain_observations.csv:678628,2025-10,0.011872759856630824
rain_observations.csv:678628,2025-11,1.0
rain_observations.csv:678628,2025-12,1.0
rain_observations.csv:678628,2026-01,1.0
rain_observations.csv:678628,2026-02,1.0
rain_observations.csv:678628,2026-03,1.0
rain_observations.csv:678628,2026-04,1.0
rain_observations.csv:678628,2026-05,0.9995519713261649
rain_observations.csv:678628,2026-06,1.0
rain_observations.csv:678628,2026-07,1.0
rain_observations.csv:678628,2026-08,1.0
rain_observations.csv:678628,2026-09,0.9724537037037037
rain_observations.csv:681524,2025-10,0.011872759856630824
rain_observations.csv:681524,2025-11,0.999537037037037
rain_observations.csv:681524,2025-12,1.0
rain_observations.csv:681524,2026-01,0.9995519713261649
rain_observations.csv:681524,2026-02,0.9997519841269841
rain_observations.csv:681524,2026-03,1.0
rain_observations.csv:681524,2026-04,1.0
rain_observations.csv:681524,2026-05,0.9993279569892473
rain_observations.csv:681524,2026-06,1.0
rain_observations.csv:681524,2026-07,1.0
rain_observations.csv:681524,2026-08,1.0
rain_observations.csv:681524,2026-09,0.9724537037037037
rain_observations.csv:682816,2025-10,0.011872759856630824
rain_observations.csv:682816,2025-11,1.0
rain_observations.csv:682816,2025-12,1.0
rain_observations.csv:682816,2026-01,1.0
rain_observations.csv:682816,2026-02,1.0
rain_observations.csv:682816,2026-03,1.0
rain_observations.csv:682816,2026-04,0.975925925925926
rain_observations.csv:682816,2026-05,0.9993279569892473
rain_observations.csv:682816,2026-06,1.0
rain_observations.csv:682816,2026-07,1.0
rain_observations.csv:682816,2026-08,1.0
rain_observations.csv:682816,2026-09,0.9703703703703703
rain_observations.csv:750001,2025-10,0.011872759856630824
rain_observations.csv:750001,2025-11,1.0
rain_observations.csv:750001,2025-12,1.0
rain_observations.csv:750001,2026-01,1.0
rain_observations.csv:750001,2026-02,0.9965277777777778
rain_observations.csv:750001,2026-03,0.9809587813620072
rain_observations.csv:750001,2026-04,1.0
rain_observations.csv:750001,2026-05,0.9995519713261649
rain_observations.csv:750001,2026-06,0.9988425925925926
rain_observations.csv:750001,2026-07,0.9348118279569892
rain_observations.csv:750001,2026-08,0.734094982078853
rain_observations.csv:750001,2026-09,0.9724537037037037
rain_observations.csv:750002,2025-10,0.011872759856630824
rain_observations.csv:750002,2025-11,1.0
rain_observations.csv:750002,2025-12,1.0
rain_observations.csv:750002,2026-01,0.9997759856630825
rain_observations.csv:750002,2026-02,1.0
rain_observations.csv:750002,2026-03,1.0
rain_observations.csv:750002,2026-04,1.0
rain_observations.csv:750002,2026-05,0.9991039426523297
rain_observations.csv:750002,2026-06,1.0
rain_observations.csv:750002,2026-07,1.0
rain_observations.csv:750002,2026-08,1.0
rain_observations.csv:750002,2026-09,0.9722222222222222
rain_observations.csv:750003,2025-10,0.011872759856630824
rain_observations.csv:750003,2025-11,0.9997685185185186
rain_observations.csv:750003,2025-12,0.9742383512544803
rain_observations.csv:750003,2026-01,1.0
rain_observations.csv:750003,2026-02,1.0
rain_observations.csv:750003,2026-03,1.0
rain_observations.csv:750003,2026-04,0.999537037037037
rain_observations.csv:750003,2026-05,0.9995519713261649
rain_observations.csv:750003,2026-06,1.0
rain_observations.csv:750003,2026-07,1.0
rain_observations.csv:750003,2026-08,1.0
rain_observations.csv:750003,2026-09,0.9724537037037037
rain_observations.csv:750005,2025-10,0.011872759856630824
rain_observations.csv:750005,2025-11,1.0
rain_observations.csv:750005,2025-12,1.0
rain_observations.csv:750005,2026-01,1.0
rain_observations.csv:750005,2026-02,1.0
rain_observations.csv:750005,2026-03,1.0
rain_observations.csv:750005,2026-04,1.0
rain_observations.csv:750005,2026-05,0.9995519713261649
rain_observations.csv:750005,2026-06,1.0
rain_observations.csv:750005,2026-07,1.0
rain_observations.csv:750005,2026-08,1.0
rain_observations.csv:750005,2026-09,0.9724537037037037
rain_observations.csv:750006,2025-11,0.8685185185185185
rain_observations.csv:750006,2025-12,0.9305555555555556
rain_observations.csv:750006,2026-01,1.0
rain_observations.csv:750006,2026-02,1.0
rain_observations.csv:750006,2026-03,1.0
rain_observations.csv:750006,2026-04,1.0
rain_observations.csv:750006,2026-05,0.9995519713261649
rain_observations.csv:750006,2026-06,1.0
rain_observations.csv:750006,2026-07,1.0
rain_observations.csv:750006,2026-08,1.0
rain_observations.csv:750006,2026-09,0.899074074074074
rain_observations.csv:750007,2025-10,0.011872759856630824
rain_observations.csv:750007,2025-11,1.0
rain_observations.csv:750007,2025-12,1.0
rain_observations.csv:750007,2026-01,1.0
rain_observations.csv:750007,2026-02,1.0
rain_observations.csv:750007,2026-03,1.0
rain_observations.csv:750007,2026-04,1.0
rain_observations.csv:750007,2026-05,0.9995519713261649
rain_observations.csv:750007,2026-06,1.0
rain_observations.csv:750007,2026-07,1.0
rain_observations.csv:750007,2026-08,1.0
rain_observations.csv:750007,2026-09,0.9724537037037037
rain_observations.csv:750008,2025-10,0.011872759856630824
rain_observations.csv:750008,2025-11,1.0
rain_observations.csv:750008,2025-12,1.0
rain_observations.csv:750008,2026-01,1.0
rain_observations.csv:750008,2026-02,1.0
rain_observations.csv:750008,2026-03,1.0
rain_observations.csv:750008,2026-04,1.0
rain_observations.csv:750008,2026-05,0.9995519713261649
rain_observations.csv:750008,2026-06,1.0
rain_observations.csv:750008,2026-07,1.0
rain_observations.csv:750008,2026-08,1.0
rain_observations.csv:750008,2026-09,0.9724537037037037
rain_observations.csv:750009,2025-10,0.011872759856630824
rain_observations.csv:750009,2025-11,1.0
rain_observations.csv:750009,2025-12,0.9587813620071685
rain_observations.csv:750009,2026-01,0.9993279569892473
rain_observations.csv:750009,2026-02,1.0
rain_observations.csv:750009,2026-03,1.0
rain_observations.csv:750009,2026-04,1.0
rain_observations.csv:750009,2026-05,0.9995519713261649
rain_observations.csv:750009,2026-06,0.7032407407407407
rain_observations.csv:750009,2026-07,1.0
rain_observations.csv:750009,2026-08,1.0
rain_observations.csv:750009,2026-09,0.9724537037037037
rain_observations.csv:750010,2025-10,0.011872759856630824
rain_observations.csv:750010,2025-11,1.0
rain_observations.csv:750010,2025-12,1.0
rain_observations.csv:750010,2026-01,1.0
rain_observations.csv:750010,2026-02,1.0
rain_observations.csv:750010,2026-03,1.0
rain_observations.csv:750010,2026-04,1.0
rain_observations.csv:750010,2026-05,0.9993279569892473
rain_observations.csv:750010,2026-06,1.0
rain_observations.csv:750010,2026-07,0.9997759856630825
rain_observations.csv:750010,2026-08,1.0
rain_observations.csv:750010,2026-09,0.9724537037037037
rain_observations.csv:750011,2025-10,0.011872759856630824
rain_observations.csv:750011,2025-11,1.0
rain_observations.csv:750011,2025-12,1.0
rain_observations.csv:750011,2026-01,1.0
rain_observations.csv:750011,2026-02,1.0
rain_observations.csv:750011,2026-03,1.0
rain_observations.csv:750011,2026-04,1.0
rain_observations.csv:750011,2026-05,0.9995519713261649
rain_observations.csv:750011,2026-06,1.0
rain_observations.csv:750011,2026-07,1.0
rain_observations.csv:750011,2026-08,1.0
rain_observations.csv:750011,2026-09,0.9724537037037037
rain_observations.csv:750012,2025-10,0.011872759856630824
rain_observations.csv:750012,2025-11,0.8833333333333333
rain_observations.csv:750012,2025-12,0.6724910394265233
rain_observations.csv:750012,2026-01,1.0
rain_observations.csv:750012,2026-02,1.0
rain_observations.csv:750012,2026-03,1.0
rain_observations.csv:750012,2026-04,1.0
rain_observations.csv:750012,2026-05,0.9995519713261649
rain_observations.csv:750012,2026-06,1.0
rain_observations.csv:750012,2026-07,0.9493727598566308
rain_observations.csv:750012,2026-08,1.0
rain_observations.csv:750012,2026-09,0.9724537037037037
rain_observations.csv:750013,2025-10,0.011872759856630824
rain_observations.csv:750013,2025-11,0.5321759259259259
rain_observations.csv:750013,2025-12,0.06563620071684588
rain_observations.csv:750013,2026-01,1.0
rain_observations.csv:750013,2026-02,1.0
rain_observations.csv:750013,2026-03,1.0
rain_observations.csv:750013,2026-04,1.0
rain_observations.csv:750013,2026-05,0.9995519713261649
rain_observations.csv:750013,2026-06,1.0
rain_observations.csv:750013,2026-07,1.0
rain_observations.csv:750013,2026-08,1.0
rain_observations.csv:750013,2026-09,0.9724537037037037
rain_observations.csv:750014,2025-10,0.011872759856630824
rain_observations.csv:750014,2025-11,0.9997685185185186
rain_observations.csv:750014,2025-12,1.0
rain_observations.csv:750014,2026-01,1.0
rain_observations.csv:750014,2026-02,0.9997519841269841
rain_observations.csv:750014,2026-03,1.0
rain_observations.csv:750014,2026-04,1.0
rain_observations.csv:750014,2026-05,0.9995519713261649
rain_observations.csv:750014,2026-06,0.999537037037037
rain_observations.csv:750014,2026-07,0.9993279569892473
rain_observations.csv:750014,2026-08,0.8310931899641577
rain_observations.csv:750014,2026-09,0.9715277777777778
rain_observations.csv:750015,2025-10,0.011872759856630824
rain_observations.csv:750015,2025-11,1.0
rain_observations.csv:750015,2025-12,0.8900089605734767
rain_observations.csv:750015,2026-01,0.9977598566308243
rain_observations.csv:750015,2026-02,0.9985119047619048
rain_observations.csv:750015,2026-03,0.9959677419354839
rain_observations.csv:750015,2026-04,0.9981481481481481
rain_observations.csv:750015,2026-05,0.9979838709677419
rain_observations.csv:750015,2026-06,0.9601851851851851
rain_observations.csv:750015,2026-07,0.9977598566308243
rain_observations.csv:750015,2026-08,0.9970878136200717
rain_observations.csv:750015,2026-09,0.9689814814814814
rain_observations.csv:750016,2025-10,0.011872759856630824
rain_observations.csv:750016,2025-11,0.9997685185185186
rain_observations.csv:750016,2025-12,0.9932795698924731
rain_observations.csv:750016,2026-01,0.9991039426523297
rain_observations.csv:750016,2026-02,1.0
rain_observations.csv:750016,2026-03,1.0
rain_observations.csv:750016,2026-04,1.0
rain_observations.csv:750016,2026-05,0.9993279569892473
rain_observations.csv:750016,2026-06,1.0
rain_observations.csv:750016,2026-07,1.0
rain_observations.csv:750016,2026-08,1.0
rain_observations.csv:750016,2026-09,0.9724537037037037
rain_observations.csv:750021,2025-10,0.011872759856630824
rain_observations.csv:750021,2025-11,1.0
rain_observations.csv:750021,2025-12,1.0
rain_observations.csv:750021,2026-01,1.0
rain_observations.csv:750021,2026-02,1.0
rain_observations.csv:750021,2026-03,1.0
rain_observations.csv:750021,2026-04,1.0
rain_observations.csv:750021,2026-05,0.9995519713261649
rain_observations.csv:750021,2026-06,1.0
rain_observations.csv:750021,2026-07,1.0
rain_observations.csv:750021,2026-08,1.0
rain_observations.csv:750021,2026-09,0.9724537037037037
rain_observations.csv:750022,2025-10,0.011872759856630824
rain_observations.csv:750022,2025-11,1.0
rain_observations.csv:750022,2025-12,1.0
rain_observations.csv:750022,2026-01,1.0
rain_observations.csv:750022,2026-02,1.0
rain_observations.csv:750022,2026-03,1.0
rain_observations.csv:750022,2026-04,1.0
rain_observations.csv:750022,2026-05,0.9995519713261649
rain_observations.csv:750022,2026-06,1.0
rain_observations.csv:750022,2026-07,0.9699820788530465
rain_observations.csv:750022,2026-08,0.7446236559139785
rain_observations.csv:750022,2026-09,0.9724537037037037
rain_observations.csv:750023,2025-10,0.011872759856630824
rain_observations.csv:750023,2025-11,0.9997685185185186
rain_observations.csv:750023,2025-12,1.0
rain_observations.csv:750023,2026-01,1.0
rain_observations.csv:750023,2026-02,1.0
rain_observations.csv:750023,2026-03,1.0
rain_observations.csv:750023,2026-04,1.0
rain_observations.csv:750023,2026-05,0.8767921146953405
rain_observations.csv:750023,2026-06,1.0
rain_observations.csv:750023,2026-07,1.0
rain_observations.csv:750023,2026-08,1.0
rain_observations.csv:750023,2026-09,0.9724537037037037
rain_observations.csv:750024,2025-10,0.011872759856630824
rain_observations.csv:750024,2025-11,0.9997685185185186
rain_observations.csv:750024,2025-12,1.0
rain_observations.csv:750024,2026-01,1.0
rain_observations.csv:750024,2026-02,1.0
rain_observations.csv:750024,2026-03,1.0
rain_observations.csv:750024,2026-04,1.0
rain_observations.csv:750024,2026-05,0.9401881720430108
rain_observations.csv:750024,2026-06,1.0
rain_observations.csv:750024,2026-07,0.9997759856630825
rain_observations.csv:750024,2026-08,1.0
rain_observations.csv:750024,2026-09,0.9724537037037037
rain_observations.csv:750025,2025-10,0.011872759856630824
rain_observations.csv:750025,2025-11,1.0
rain_observations.csv:750025,2025-12,1.0
rain_observations.csv:750025,2026-01,1.0
rain_observations.csv:750025,2026-02,1.0
rain_observations.csv:750025,2026-03,1.0
rain_observations.csv:750025,2026-04,1.0
rain_observations.csv:750025,2026-05,0.9995519713261649
rain_observations.csv:750025,2026-06,1.0
rain_observations.csv:750025,2026-07,1.0
rain_observations.csv:750025,2026-08,0.9276433691756273
rain_observations.csv:750025,2026-09,0.9724537037037037
rain_observations.csv:750026,2025-10,0.011872759856630824
rain_observations.csv:750026,2025-11,0.9997685185185186
rain_observations.csv:750026,2025-12,1.0
rain_observations.csv:750026,2026-01,1.0
rain_observations.csv:750026,2026-02,1.0
rain_observations.csv:750026,2026-03,1.0
rain_observations.csv:750026,2026-04,1.0
rain_observations.csv:750026,2026-05,0.9995519713261649
rain_observations.csv:750026,2026-06,1.0
rain_observations.csv:750026,2026-07,1.0
rain_observations.csv:750026,2026-08,1.0
rain_observations.csv:750026,2026-09,0.9724537037037037
rain_observations.csv:750027,2025-10,0.011872759856630824
rain_observations.csv:750027,2025-11,0.9997685185185186
rain_observations.csv:750027,2025-12,0.983646953405018
rain_observations.csv:750027,2026-01,1.0
rain_observations.csv:750027,2026-02,1.0
rain_observations.csv:750027,2026-03,1.0
rain_observations.csv:750027,2026-04,1.0
rain_observations.csv:750027,2026-05,0.9457885304659498
rain_observations.csv:750027,2026-06,0.3974537037037037
rain_observations.csv:750027,2026-07,1.0
rain_observations.csv:750027,2026-08,1.0
rain_observations.csv:750027,2026-09,0.9724537037037037
rain_observations.csv:750028,2025-10,0.011872759856630824
rain_observations.csv:750028,2025-11,0.9780092592592593
rain_observations.csv:750028,2025-12,1.0
rain_observations.csv:750028,2026-01,0.9056899641577061
rain_observations.csv:750028,2026-02,1.0
rain_observations.csv:750028,2026-03,1.0
rain_observations.csv:750028,2026-04,1.0
rain_observations.csv:750028,2026-05,0.9995519713261649
rain_observations.csv:750028,2026-06,1.0
rain_observations.csv:750028,2026-07,1.0
rain_observations.csv:750028,2026-08,1.0
rain_observations.csv:750028,2026-09,0.9724537037037037
rain_observations.csv:750029,2025-10,0.011872759856630824
rain_observations.csv:750029,2025-11,1.0
rain_observations.csv:750029,2025-12,0.9919354838709677
rain_observations.csv:750029,2026-01,1.0
rain_observations.csv:750029,2026-02,1.0
rain_observations.csv:750029,2026-03,1.0
rain_observations.csv:750029,2026-04,1.0
rain_observations.csv:750029,2026-05,0.9522849462365591
rain_observations.csv:750029,2026-06,1.0
rain_observations.csv:750029,2026-07,0.9995519713261649
rain_observations.csv:750029,2026-08,1.0
rain_observations.csv:750029,2026-09,0.9724537037037037
rain_observations.csv:750030,2025-10,0.011872759856630824
rain_observations.csv:750030,2025-11,1.0
rain_observations.csv:750030,2025-12,1.0
rain_observations.csv:750030,2026-01,1.0
rain_observations.csv:750030,2026-02,1.0
rain_observations.csv:750030,2026-03,1.0
rain_observations.csv:750030,2026-04,1.0
rain_observations.csv:750030,2026-05,0.9995519713261649
rain_observations.csv:750030,2026-06,1.0
rain_observations.csv:750030,2026-07,1.0
rain_observations.csv:750030,2026-08,1.0
rain_observations.csv:750030,2026-09,0.9724537037037037
rain_observations.csv:750031,2025-10,0.011872759856630824
rain_observations.csv:750031,2025-11,1.0
rain_observations.csv:750031,2025-12,1.0
rain_observations.csv:750031,2026-01,1.0
rain_observations.csv:750031,2026-02,1.0
rain_observations.csv:750031,2026-03,1.0
rain_observations.csv:750031,2026-04,1.0
rain_observations.csv:750031,2026-05,0.4204749103942652
rain_observations.csv:750032,2025-10,0.011872759856630824
rain_observations.csv:750032,2025-11,1.0
rain_observations.csv:750032,2025-12,1.0
rain_observations.csv:750032,2026-01,1.0
rain_observations.csv:750032,2026-02,1.0
rain_observations.csv:750032,2026-03,0.9997759856630825
rain_observations.csv:750032,2026-04,1.0
rain_observations.csv:750032,2026-05,0.9995519713261649
rain_observations.csv:750032,2026-06,1.0
rain_observations.csv:750032,2026-07,1.0
rain_observations.csv:750032,2026-08,1.0
rain_observations.csv:750032,2026-09,0.9724537037037037
rain_observations.csv:750033,2025-10,0.011872759856630824
rain_observations.csv:750033,2025-11,0.9990740740740741
rain_observations.csv:750033,2025-12,0.9995519713261649
rain_observations.csv:750033,2026-01,0.9993279569892473
rain_observations.csv:750033,2026-02,1.0
rain_observations.csv:750033,2026-03,0.9995519713261649
rain_observations.csv:750033,2026-04,0.9997685185185186
rain_observations.csv:750033,2026-05,0.9995519713261649
rain_observations.csv:750033,2026-06,0.9997685185185186
rain_observations.csv:750033,2026-07,1.0
rain_observations.csv:750033,2026-08,0.9995519713261649
rain_observations.csv:750033,2026-09,0.9719907407407408
rain_observations.csv:750034,2025-10,0.011872759856630824
rain_observations.csv:750034,2025-11,1.0
rain_observations.csv:750034,2025-12,1.0
rain_observations.csv:750034,2026-01,1.0
rain_observations.csv:750034,2026-02,1.0
rain_observations.csv:750034,2026-03,0.9997759856630825
rain_observations.csv:750034,2026-04,1.0
rain_observations.csv:750034,2026-05,0.9995519713261649
rain_observations.csv:750034,2026-06,1.0
rain_observations.csv:750034,2026-07,1.0
rain_observations.csv:750034,2026-08,1.0
rain_observations.csv:750034,2026-09,0.9724537037037037
rain_observations.csv:750035,2025-10,0.011872759856630824
rain_observations.csv:750035,2025-11,1.0
rain_observations.csv:750035,2025-12,1.0
rain_observations.csv:750035,2026-01,1.0
rain_observations.csv:750035,2026-02,1.0
rain_observations.csv:750035,2026-03,1.0
rain_observations.csv:750035,2026-04,1.0
rain_observations.csv:750035,2026-05,0.9995519713261649
rain_observations.csv:750035,2026-06,1.0
rain_observations.csv:750035,2026-07,1.0
rain_observations.csv:750035,2026-08,0.9827508960573477
rain_observations.csv:750035,2026-09,0.9724537037037037
rain_observations.csv:750040,2025-10,0.011872759856630824
rain_observations.csv:750040,2025-11,0.975462962962963
rain_observations.csv:750040,2025-12,1.0
rain_observations.csv:750040,2026-01,1.0
rain_observations.csv:750040,2026-02,0.9928075396825397
rain_observations.csv:750040,2026-03,1.0
rain_observations.csv:750040,2026-04,1.0
rain_observations.csv:750040,2026-05,0.9995519713261649
rain_observations.csv:750040,2026-06,0.8777777777777778
rain_observations.csv:750040,2026-07,0.9715501792114696
rain_observations.csv:750040,2026-08,0.9919354838709677
rain_observations.csv:750040,2026-09,0.9724537037037037
rain_observations.csv:750041,2025-10,0.011872759856630824
rain_observations.csv:750041,2025-11,1.0
rain_observations.csv:750041,2025-12,0.9997759856630825
rain_observations.csv:750041,2026-01,0.9997759856630825
rain_observations.csv:750041,2026-02,1.0
rain_observations.csv:750041,2026-03,1.0
rain_observations.csv:750041,2026-04,1.0
rain_observations.csv:750041,2026-05,0.9995519713261649
rain_observations.csv:750041,2026-06,0.9997685185185186
rain_observations.csv:750041,2026-07,1.0
rain_observations.csv:750041,2026-08,1.0
rain_observations.csv:750041,2026-09,0.9724537037037037
rain_observations.csv:750042,2025-10,0.011872759856630824
rain_observations.csv:750042,2025-11,0.9694444444444444
rain_observations.csv:750042,2025-12,1.0
rain_observations.csv:750042,2026-01,1.0
rain_observations.csv:750042,2026-02,1.0
rain_observations.csv:750042,2026-03,1.0
rain_observations.csv:750042,2026-04,1.0
rain_observations.csv:750042,2026-05,0.9995519713261649
rain_observations.csv:750042,2026-06,1.0
rain_observations.csv:750042,2026-07,1.0
rain_observations.csv:750042,2026-08,1.0
rain_observations.csv:750042,2026-09,0.9719907407407408
rain_observations.csv:750045,2025-10,0.011872759856630824
rain_observations.csv:750045,2025-11,1.0
rain_observations.csv:750045,2025-12,1.0
rain_observations.csv:750045,2026-01,1.0
rain_observations.csv:750045,2026-02,1.0
rain_observations.csv:750045,2026-03,1.0
rain_observations.csv:750045,2026-04,1.0
rain_observations.csv:750045,2026-05,0.9995519713261649
rain_observations.csv:750045,2026-06,1.0
rain_observations.csv:750045,2026-07,1.0
rain_observations.csv:750045,2026-08,1.0
rain_observations.csv:750045,2026-09,0.9724537037037037
rain_observations.csv:750046,2025-10,0.011872759856630824
rain_observations.csv:750046,2025-11,1.0
rain_observations.csv:750046,2025-12,1.0
rain_observations.csv:750046,2026-01,1.0
rain_observations.csv:750046,2026-02,1.0
rain_observations.csv:750046,2026-03,1.0
rain_observations.csv:750046,2026-04,1.0
rain_observations.csv:750046,2026-05,0.9995519713261649
rain_observations.csv:750046,2026-06,1.0
rain_observations.csv:750046,2026-07,1.0
rain_observations.csv:750046,2026-08,1.0
rain_observations.csv:750046,2026-09,0.9724537037037037
rain_observations.csv:750047,2025-10,0.011872759856630824
rain_observations.csv:750047,2025-11,0.9997685185185186
rain_observations.csv:750047,2025-12,1.0
rain_observations.csv:750047,2026-01,0.8299731182795699
rain_observations.csv:750047,2026-02,1.0
rain_observations.csv:750047,2026-03,1.0
rain_observations.csv:750047,2026-04,1.0
rain_observations.csv:750047,2026-05,0.9995519713261649
rain_observations.csv:750047,2026-06,1.0
rain_observations.csv:750047,2026-07,1.0
rain_observations.csv:750047,2026-08,1.0
rain_observations.csv:750047,2026-09,0.9722222222222222
rain_observations.csv:750059,2025-10,0.011872759856630824
rain_observations.csv:750059,2025-11,1.0
rain_observations.csv:750059,2025-12,1.0
rain_observations.csv:750059,2026-01,1.0
rain_observations.csv:750059,2026-02,1.0
rain_observations.csv:750059,2026-03,1.0
rain_observations.csv:750059,2026-04,0.9997685185185186
rain_observations.csv:750059,2026-05,0.9984318996415771
rain_observations.csv:750059,2026-06,1.0
rain_observations.csv:750059,2026-07,1.0
rain_observations.csv:750059,2026-08,1.0
rain_observations.csv:750059,2026-09,0.9724537037037037
rain_observations.csv:750061,2025-10,0.011872759856630824
rain_observations.csv:750061,2025-11,0.999537037037037
rain_observations.csv:750061,2025-12,0.9991039426523297
rain_observations.csv:750061,2026-01,0.9997759856630825
rain_observations.csv:750061,2026-02,0.9997519841269841
rain_observations.csv:750061,2026-03,0.9997759856630825
rain_observations.csv:750061,2026-04,1.0
rain_observations.csv:750061,2026-05,0.9993279569892473
rain_observations.csv:750061,2026-06,1.0
rain_observations.csv:750061,2026-07,1.0
rain_observations.csv:750061,2026-08,1.0
rain_observations.csv:750061,2026-09,0.9722222222222222
rain_observations.csv:750062,2025-10,0.011872759856630824
rain_observations.csv:750062,2025-11,0.999537037037037
rain_observations.csv:750062,2025-12,0.9968637992831542
rain_observations.csv:750062,2026-01,0.9995519713261649
rain_observations.csv:750062,2026-02,1.0
rain_observations.csv:750062,2026-03,0.9997759856630825
rain_observations.csv:750062,2026-04,1.0
rain_observations.csv:750062,2026-05,0.9993279569892473
rain_observations.csv:750062,2026-06,0.999537037037037
rain_observations.csv:750062,2026-07,1.0
rain_observations.csv:750062,2026-08,1.0
rain_observations.csv:750062,2026-09,0.9724537037037037
rain_observations.csv:750063,2025-10,0.011872759856630824
rain_observations.csv:750063,2025-11,0.9523148148148148
rain_observations.csv:750063,2025-12,0.9988799283154122
rain_observations.csv:750063,2026-01,1.0
rain_observations.csv:750063,2026-02,1.0
rain_observations.csv:750063,2026-03,1.0
rain_observations.csv:750063,2026-04,1.0
rain_observations.csv:750063,2026-05,0.9995519713261649
rain_observations.csv:750063,2026-06,0.9997685185185186
rain_observations.csv:750063,2026-07,0.9372759856630825
rain_observations.csv:750063,2026-08,0.7264784946236559
rain_observations.csv:750063,2026-09,0.9724537037037037
rain_observations.csv:750064,2025-10,0.011872759856630824
rain_observations.csv:750064,2025-11,0.999537037037037
rain_observations.csv:750064,2025-12,0.9995519713261649
rain_observations.csv:750064,2026-01,0.9991039426523297
rain_observations.csv:750064,2026-02,1.0
rain_observations.csv:750064,2026-03,0.9995519713261649
rain_observations.csv:750064,2026-04,1.0
rain_observations.csv:750064,2026-05,0.8788082437275986
rain_observations.csv:750064,2026-06,1.0
rain_observations.csv:750064,2026-07,1.0
rain_observations.csv:750064,2026-08,0.9354838709677419
rain_observations.csv:750064,2026-09,0.9724537037037037
rain_observations.csv:750065,2025-12,0.48588709677419356
rain_observations.csv:750065,2026-01,0.9997759856630825
rain_observations.csv:750065,2026-02,0.9997519841269841
rain_observations.csv:750065,2026-03,0.9993279569892473
rain_observations.csv:750065,2026-04,1.0
rain_observations.csv:750065,2026-05,0.9995519713261649
rain_observations.csv:750065,2026-06,0.9993055555555556
rain_observations.csv:750065,2026-07,0.9991039426523297
rain_observations.csv:750065,2026-08,0.9997759856630825
rain_observations.csv:750065,2026-09,0.9724537037037037
rain_observations.csv:750066,2025-10,0.011872759856630824
rain_observations.csv:750066,2025-11,1.0
rain_observations.csv:750066,2025-12,1.0
rain_observations.csv:750066,2026-01,1.0
rain_observations.csv:750066,2026-02,1.0
rain_observations.csv:750066,2026-03,1.0
rain_observations.csv:750066,2026-04,1.0
rain_observations.csv:750066,2026-05,0.9995519713261649
rain_observations.csv:750066,2026-06,1.0
rain_observations.csv:750066,2026-07,1.0
rain_observations.csv:750066,2026-08,1.0
rain_observations.csv:750066,2026-09,0.9724537037037037
rain_observations.csv:958573,2025-10,0.011872759856630824
rain_observations.csv:958573,2025-11,0.999537037037037
rain_observations.csv:958573,2025-12,0.9997759856630825
rain_observations.csv:958573,2026-01,1.0
rain_observations.csv:958573,2026-02,1.0
rain_observations.csv:958573,2026-03,1.0
rain_observations.csv:958573,2026-04,0.9997685185185186
rain_observations.csv:958573,2026-05,0.9995519713261649
rain_observations.csv:958573,2026-06,1.0
rain_observations.csv:958573,2026-07,1.0
rain_observations.csv:958573,2026-08,1.0
rain_observations.csv:958573,2026-09,0.9724537037037037
rain_observations.csv:959428,2025-10,0.011872759856630824
rain_observations.csv:959428,2025-11,0.975
rain_observations.csv:959428,2025-12,1.0
rain_observations.csv:959428,2026-01,1.0
rain_observations.csv:959428,2026-02,1.0
rain_observations.csv:959428,2026-03,1.0
rain_observations.csv:959428,2026-04,1.0
rain_observations.csv:959428,2026-05,0.9995519713261649
rain_observations.csv:959428,2026-06,0.992824074074074
rain_observations.csv:959428,2026-07,0.760752688172043
rain_observations.csv:959428,2026-08,0.9997759856630825
rain_observations.csv:959428,2026-09,0.9724537037037037
water_level_observations.csv:11223344,2025-11,0.5405092592592593
water_level_observations.csv:11223344,2025-12,0.9034498207885304
water_level_observations.csv:11223344,2026-01,1.0
water_level_observations.csv:11223344,2026-02,1.0
water_level_observations.csv:11223344,2026-03,1.0
water_level_observations.csv:11223344,2026-04,1.0
water_level_observations.csv:11223344,2026-05,0.9993279569892473
water_level_observations.csv:11223344,2026-06,1.0
water_level_observations.csv:11223344,2026-07,1.0
water_level_observations.csv:11223344,2026-08,1.0
water_level_observations.csv:11223344,2026-09,0.9724537037037037
water_level_observations.csv:55889944,2025-11,0.28379629629629627
water_level_observations.csv:55889944,2025-12,1.0
water_level_observations.csv:55889944,2026-01,1.0
water_level_observations.csv:55889944,2026-02,1.0
water_level_observations.csv:55889944,2026-03,1.0
water_level_observations.csv:55889944,2026-04,0.999537037037037
water_level_observations.csv:55889944,2026-05,0.9995519713261649
water_level_observations.csv:55889944,2026-06,1.0
water_level_observations.csv:55889944,2026-07,1.0
water_level_observations.csv:55889944,2026-08,1.0
water_level_observations.csv:55889944,2026-09,0.9724537037037037
water_level_observations.csv:74647402,2025-11,0.5405092592592593
water_level_observations.csv:74647402,2025-12,0.9995519713261649
water_level_observations.csv:74647402,2026-01,0.9986559139784946
water_level_observations.csv:74647402,2026-02,1.0
water_level_observations.csv:74647402,2026-03,0.9993279569892473
water_level_observations.csv:74647402,2026-04,0.9997685185185186
water_level_observations.csv:74647402,2026-05,0.9986559139784946
water_level_observations.csv:74647402,2026-06,0.9997685185185186
water_level_observations.csv:74647402,2026-07,0.9995519713261649
water_level_observations.csv:74647402,2026-08,0.9988799283154122
water_level_observations.csv:74647402,2026-09,0.9710648148148148
water_level_observations.csv:74647403,2025-11,0.5405092592592593
water_level_observations.csv:74647403,2025-12,0.9991039426523297
water_level_observations.csv:74647403,2026-01,0.9997759856630825
water_level_observations.csv:74647403,2026-02,1.0
water_level_observations.csv:74647403,2026-03,0.9997759856630825
water_level_observations.csv:74647403,2026-04,0.9997685185185186
water_level_observations.csv:74647403,2026-05,0.9995519713261649
water_level_observations.csv:74647403,2026-06,1.0
water_level_observations.csv:74647403,2026-07,0.9997759856630825
water_level_observations.csv:74647403,2026-08,0.9995519713261649
water_level_observations.csv:74647403,2026-09,0.9724537037037037
water_level_observations.csv:74647404,2025-11,0.5405092592592593
water_level_observations.csv:74647404,2025-12,1.0
water_level_observations.csv:74647404,2026-01,1.0
water_level_observations.csv:74647404,2026-02,1.0
water_level_observations.csv:74647404,2026-03,1.0
water_level_observations.csv:74647404,2026-04,1.0
water_level_observations.csv:74647404,2026-05,0.9995519713261649
water_level_observations.csv:74647404,2026-06,1.0
water_level_observations.csv:74647404,2026-07,1.0
water_level_observations.csv:74647404,2026-08,1.0
water_level_observations.csv:74647404,2026-09,0.9724537037037037
water_level_observations.csv:74647606,2025-11,0.5402777777777777
water_level_observations.csv:74647606,2025-12,0.9995519713261649
water_level_observations.csv:74647606,2026-01,1.0
water_level_observations.csv:74647606,2026-02,1.0
water_level_observations.csv:74647606,2026-03,0.9997759856630825
water_level_observations.csv:74647606,2026-04,0.9997685185185186
water_level_observations.csv:74647606,2026-05,0.9993279569892473
water_level_observations.csv:74647606,2026-06,1.0
water_level_observations.csv:74647606,2026-07,0.9997759856630825
water_level_observations.csv:74647606,2026-08,0.9995519713261649
water_level_observations.csv:74647606,2026-09,0.9719907407407408
water_level_observations.csv:74647705,2025-11,0.5405092592592593
water_level_observations.csv:74647705,2025-12,0.9997759856630825
water_level_observations.csv:74647705,2026-01,0.9997759856630825
water_level_observations.csv:74647705,2026-02,0.9997519841269841
water_level_observations.csv:74647705,2026-03,0.9995519713261649
water_level_observations.csv:74647705,2026-04,0.9997685185185186
water_level_observations.csv:74647705,2026-05,0.9995519713261649
water_level_observations.csv:74647705,2026-06,0.9997685185185186
water_level_observations.csv:74647705,2026-07,1.0
water_level_observations.csv:74647705,2026-08,0.9997759856630825
water_level_observations.csv:74647705,2026-09,0.9722222222222222
water_level_observations.csv:74648201,2025-11,0.5405092592592593
water_level_observations.csv:74648201,2025-12,0.9993279569892473
water_level_observations.csv:74648201,2026-01,0.9997759856630825
water_level_observations.csv:74648201,2026-02,1.0
water_level_observations.csv:74648201,2026-03,0.9995519713261649
water_level_observations.csv:74648201,2026-04,1.0
water_level_observations.csv:74648201,2026-05,0.9991039426523297
water_level_observations.csv:74648201,2026-06,0.9993055555555556
water_level_observations.csv:74648201,2026-07,0.9997759856630825
water_level_observations.csv:74648201,2026-08,0.9993279569892473
water_level_observations.csv:74648201,2026-09,0.9724537037037037
water_level_observations.csv:750043,2025-11,0.5405092592592593
water_level_observations.csv:750043,2025-12,1.0
water_level_observations.csv:750043,2026-01,1.0
water_level_observations.csv:750043,2026-02,0.9997519841269841
water_level_observations.csv:750043,2026-03,1.0
water_level_observations.csv:750043,2026-04,0.9997685185185186
water_level_observations.csv:750043,2026-05,0.9995519713261649
water_level_observations.csv:750043,2026-06,0.9997685185185186
water_level_observations.csv:750043,2026-07,1.0
water_level_observations.csv:750043,2026-08,0.9997759856630825
water_level_observations.csv:750043,2026-09,0.9724537037037037
water_level_observations.csv:750044,2025-11,0.5407407407407407
water_level_observations.csv:750044,2025-12,1.0
water_level_observations.csv:750044,2026-01,1.0
water_level_observations.csv:750044,2026-02,1.0
water_level_observations.csv:750044,2026-03,0.9995519713261649
water_level_observations.csv:750044,2026-04,1.0
water_level_observations.csv:750044,2026-05,0.9995519713261649
water_level_observations.csv:750044,2026-06,0.9997685185185186
water_level_observations.csv:750044,2026-07,1.0
water_level_observations.csv:750044,2026-08,0.9997759856630825
water_level_observations.csv:750044,2026-09,0.9724537037037037
water_level_observations.csv:751115,2025-11,0.5365740740740741
water_level_observations.csv:751115,2025-12,0.9130824372759857
water_level_observations.csv:751115,2026-01,1.0
water_level_observations.csv:751115,2026-02,1.0
water_level_observations.csv:751115,2026-03,0.9997759856630825
water_level_observations.csv:751115,2026-04,0.9997685185185186
water_level_observations.csv:751115,2026-05,0.9995519713261649
water_level_observations.csv:751115,2026-06,1.0
water_level_observations.csv:751115,2026-07,1.0
water_level_observations.csv:751115,2026-08,0.9655017921146953
water_level_observations.csv:751115,2026-09,0.593287037037037
water_level_observations.csv:751116,2025-11,0.5405092592592593
water_level_observations.csv:751116,2025-12,1.0
water_level_observations.csv:751116,2026-01,1.0
water_level_observations.csv:751116,2026-02,1.0
water_level_observations.csv:751116,2026-03,1.0
water_level_observations.csv:751116,2026-04,1.0
water_level_observations.csv:751116,2026-05,0.9995519713261649
water_level_observations.csv:751116,2026-06,1.0
water_level_observations.csv:751116,2026-07,1.0
water_level_observations.csv:751116,2026-08,1.0
water_level_observations.csv:751116,2026-09,0.9719907407407408
water_level_observations.csv:751117,2025-11,0.5405092592592593
water_level_observations.csv:751117,2025-12,1.0
water_level_observations.csv:751117,2026-01,1.0
water_level_observations.csv:751117,2026-02,1.0
water_level_observations.csv:751117,2026-03,0.9997759856630825
water_level_observations.csv:751117,2026-04,1.0
water_level_observations.csv:751117,2026-05,0.9995519713261649
water_level_observations.csv:751117,2026-06,1.0
water_level_observations.csv:751117,2026-07,1.0
water_level_observations.csv:751117,2026-08,1.0
water_level_observations.csv:751117,2026-09,0.9722222222222222
water_level_observations.csv:751118,2025-11,0.5405092592592593
water_level_observations.csv:751118,2025-12,1.0
water_level_observations.csv:751118,2026-01,0.9997759856630825
water_level_observations.csv:751118,2026-02,1.0
water_level_observations.csv:751118,2026-03,1.0
water_level_observations.csv:751118,2026-04,1.0
water_level_observations.csv:751118,2026-05,0.9995519713261649
water_level_observations.csv:751118,2026-06,1.0
water_level_observations.csv:751118,2026-07,1.0
water_level_observations.csv:751118,2026-08,1.0
water_level_observations.csv:751118,2026-09,0.9724537037037037
water_level_observations.csv:75882244,2025-11,0.41203703703703703
water_level_observations.csv:75882244,2025-12,0.9887992831541219
water_level_observations.csv:75882244,2026-01,1.0
water_level_observations.csv:75882244,2026-02,0.9997519841269841
water_level_observations.csv:75882244,2026-03,0.9997759856630825
water_level_observations.csv:75882244,2026-04,0.9997685185185186
water_level_observations.csv:75882244,2026-05,0.9995519713261649
water_level_observations.csv:75882244,2026-06,0.9997685185185186
water_level_observations.csv:75882244,2026-07,1.0
water_level_observations.csv:75882244,2026-08,0.9997759856630825
water_level_observations.csv:75882244,2026-09,0.9567129629629629
water_level_observations.csv:75996644,2025-11,0.5400462962962963
water_level_observations.csv:75996644,2025-12,0.9995519713261649
water_level_observations.csv:75996644,2026-01,1.0
water_level_observations.csv:75996644,2026-02,1.0
water_level_observations.csv:75996644,2026-03,1.0
water_level_observations.csv:75996644,2026-04,1.0
water_level_observations.csv:75996644,2026-05,0.9995519713261649
water_level_observations.csv:75996644,2026-06,1.0
water_level_observations.csv:75996644,2026-07,0.9874551971326165
water_level_observations.csv:97203841,2026-05,0.587589605734767
water_level_observations.csv:97203841,2026-06,1.0
water_level_observations.csv:97203841,2026-07,1.0
water_level_observations.csv:97203841,2026-08,1.0
water_level_observations.csv:97203841,2026-09,0.9724537037037037
wind_observations.csv:28f350b6-8149-45b0-98d2-49c3096cd9a3,2025-11,0.8377314814814815
wind_observations.csv:28f350b6-8149-45b0-98d2-49c3096cd9a3,2025-12,0.9997759856630825
wind_observations.csv:28f350b6-8149-45b0-98d2-49c3096cd9a3,2026-01,0.8238127240143369
wind_observations.csv:28f350b6-8149-45b0-98d2-49c3096cd9a3,2026-02,1.0
wind_observations.csv:28f350b6-8149-45b0-98d2-49c3096cd9a3,2026-03,0.7511200716845878
wind_observations.csv:28f350b6-8149-45b0-98d2-49c3096cd9a3,2026-09,0.6847222222222222
wind_observations.csv:2d9b1c98-16ec-4681-9d23-0769a49aedaa,2025-11,0.8373842592592593
wind_observations.csv:2d9b1c98-16ec-4681-9d23-0769a49aedaa,2025-12,0.9998879928315412
wind_observations.csv:2d9b1c98-16ec-4681-9d23-0769a49aedaa,2026-01,0.8238127240143369
wind_observations.csv:2d9b1c98-16ec-4681-9d23-0769a49aedaa,2026-02,0.9998759920634921
wind_observations.csv:2d9b1c98-16ec-4681-9d23-0769a49aedaa,2026-03,0.7511200716845878
wind_observations.csv:2d9b1c98-16ec-4681-9d23-0769a49aedaa,2026-09,0.6385416666666667
wind_observations.csv:63586eaa-f1cc-11f0-8f75-0692ec44dcd5,2026-08,0.1774193548387097
wind_observations.csv:63586eaa-f1cc-11f0-8f75-0692ec44dcd5,2026-09,0.7386574074074074
wind_observations.csv:63604a34-f1cc-11f0-8f75-0692ec44dcd5,2026-08,0.1774193548387097
wind_observations.csv:63604a34-f1cc-11f0-8f75-0692ec44dcd5,2026-09,0.7386574074074074
reservoir_observations.csv:1,2023-10,0.04704301075268817
reservoir_observations.csv:1,2023-11,0.20833333333333334
reservoir_observations.csv:1,2023-12,0.30376344086021506
reservoir_observations.csv:1,2024-01,0.0793010752688172
reservoir_observations.csv:1,2024-02,0.07471264367816093
reservoir_observations.csv:1,2024-03,0.08333333333333333
reservoir_observations.csv:1,2024-04,0.07777777777777778
reservoir_observations.csv:1,2024-05,0.07795698924731183
reservoir_observations.csv:1,2024-06,0.07083333333333333
reservoir_observations.csv:1,2024-07,0.08333333333333333
reservoir_observations.csv:1,2024-08,0.08064516129032258
reservoir_observations.csv:1,2024-09,0.1986111111111111
reservoir_observations.csv:1,2024-10,0.2271505376344086
reservoir_observations.csv:1,2024-11,0.4486111111111111
reservoir_observations.csv:1,2024-12,0.23655913978494625
reservoir_observations.csv:1,2025-01,0.08333333333333333
reservoir_observations.csv:1,2025-02,0.07589285714285714
reservoir_observations.csv:1,2025-03,0.08333333333333333
reservoir_observations.csv:1,2025-04,0.08333333333333333
reservoir_observations.csv:1,2025-05,0.08333333333333333
reservoir_observations.csv:1,2025-06,0.13472222222222222
reservoir_observations.csv:1,2025-07,0.08198924731182795
reservoir_observations.csv:1,2025-08,0.4206989247311828
reservoir_observations.csv:1,2025-09,0.7763888888888889
reservoir_observations.csv:1,2025-10,0.5806451612903226
reservoir_observations.csv:1,2025-11,0.48194444444444445
reservoir_observations.csv:1,2025-12,0.17473118279569894
reservoir_observations.csv:1,2026-01,0.10080645161290322
reservoir_observations.csv:1,2026-02,0.0818452380952381
reservoir_observations.csv:1,2026-03,0.08333333333333333
reservoir_observations.csv:1,2026-04,0.08333333333333333
reservoir_observations.csv:1,2026-05,0.08333333333333333
reservoir_observations.csv:1,2026-06,0.08333333333333333
reservoir_observations.csv:1,2026-07,0.08333333333333333
reservoir_observations.csv:1,2026-08,0.08333333333333333
reservoir_observations.csv:1,2026-09,0.30277777777777776
reservoir_observations.csv:10,2023-10,0.2661290322580645
reservoir_observations.csv:10,2023-11,1.0
reservoir_observations.csv:10,2023-12,0.9354838709677419
reservoir_observations.csv:10,2024-01,0.9435483870967742
reservoir_observations.csv:10,2024-02,0.9827586206896551
reservoir_observations.csv:10,2024-03,0.8306451612903226
reservoir_observations.csv:10,2024-04,0.9833333333333333
reservoir_observations.csv:10,2024-05,0.8387096774193549
reservoir_observations.csv:10,2024-06,0.95
reservoir_observations.csv:10,2024-07,0.8306451612903226
reservoir_observations.csv:10,2024-08,0.8709677419354839
reservoir_observations.csv:10,2024-09,0.9833333333333333
reservoir_observations.csv:10,2024-10,1.0
reservoir_observations.csv:10,2024-11,0.9666666666666667
reservoir_observations.csv:10,2024-12,0.9838709677419355
reservoir_observations.csv:10,2025-01,0.9032258064516129
reservoir_observations.csv:10,2025-02,0.9910714285714286
reservoir_observations.csv:10,2025-03,0.9758064516129032
reservoir_observations.csv:10,2025-04,0.975
reservoir_observations.csv:10,2025-05,0.9516129032258065
reservoir_observations.csv:10,2025-06,0.9916666666666667
reservoir_observations.csv:10,2025-07,0.9838709677419355
reservoir_observations.csv:10,2025-08,1.0
reservoir_observations.csv:10,2025-09,1.0
reservoir_observations.csv:10,2025-10,0.9838709677419355
reservoir_observations.csv:10,2025-11,0.9916666666666667
reservoir_observations.csv:10,2025-12,0.9838709677419355
reservoir_observations.csv:10,2026-01,1.0
reservoir_observations.csv:10,2026-02,1.0
reservoir_observations.csv:10,2026-03,0.9919354838709677
reservoir_observations.csv:10,2026-04,0.9916666666666667
reservoir_observations.csv:10,2026-05,1.0
reservoir_observations.csv:10,2026-06,0.9666666666666667
reservoir_observations.csv:10,2026-07,0.9838709677419355
reservoir_observations.csv:10,2026-08,1.0
reservoir_observations.csv:10,2026-09,0.9583333333333334
reservoir_observations.csv:11,2023-01,0.016129032258064516
reservoir_observations.csv:11,2023-10,0.5161290322580645
reservoir_observations.csv:11,2023-11,1.0
reservoir_observations.csv:11,2023-12,1.0
reservoir_observations.csv:11,2024-01,0.9516129032258065
reservoir_observations.csv:11,2024-02,0.8793103448275862
reservoir_observations.csv:11,2024-03,0.8387096774193549
reservoir_observations.csv:11,2024-04,0.95
reservoir_observations.csv:11,2024-05,0.9032258064516129
reservoir_observations.csv:11,2024-06,0.8833333333333333
reservoir_observations.csv:11,2024-07,0.7258064516129032
reservoir_observations.csv:11,2024-08,0.8064516129032258
reservoir_observations.csv:11,2024-09,1.0
reservoir_observations.csv:11,2024-10,1.0
reservoir_observations.csv:11,2024-11,1.0
reservoir_observations.csv:11,2024-12,1.0
reservoir_observations.csv:11,2025-01,0.9032258064516129
reservoir_observations.csv:11,2025-02,0.9464285714285714
reservoir_observations.csv:11,2025-03,0.9032258064516129
reservoir_observations.csv:11,2025-04,0.85
reservoir_observations.csv:11,2025-05,0.8225806451612904
reservoir_observations.csv:11,2025-06,1.0
reservoir_observations.csv:11,2025-07,0.5645161290322581
reservoir_observations.csv:11,2025-08,0.7258064516129032
reservoir_observations.csv:11,2025-09,1.0
reservoir_observations.csv:11,2025-10,1.0
reservoir_observations.csv:11,2025-11,1.0
reservoir_observations.csv:11,2025-12,1.0
reservoir_observations.csv:11,2026-01,0.6774193548387096
reservoir_observations.csv:11,2026-02,0.5
reservoir_observations.csv:11,2026-03,0.6451612903225806
reservoir_observations.csv:11,2026-04,0.5333333333333333
reservoir_observations.csv:11,2026-05,0.5161290322580645
reservoir_observations.csv:11,2026-06,0.6
reservoir_observations.csv:11,2026-07,0.5483870967741935
reservoir_observations.csv:11,2026-08,0.6935483870967742
reservoir_observations.csv:11,2026-09,0.8833333333333333
reservoir_observations.csv:12,2023-10,0.2661290322580645
reservoir_observations.csv:12,2023-11,1.0
reservoir_observations.csv:12,2023-12,1.0
reservoir_observations.csv:12,2024-01,0.12096774193548387
reservoir_observations.csv:12,2024-02,0.08620689655172414
reservoir_observations.csv:12,2024-03,0.008064516129032258
reservoir_observations.csv:12,2024-09,0.5833333333333334
reservoir_observations.csv:12,2024-10,1.0
reservoir_observations.csv:12,2024-11,1.0
reservoir_observations.csv:12,2024-12,0.75
reservoir_observations.csv:12,2025-01,0.25
reservoir_observations.csv:12,2025-02,0.008928571428571428
reservoir_observations.csv:12,2025-06,0.23333333333333334
reservoir_observations.csv:12,2025-09,0.13333333333333333
reservoir_observations.csv:12,2025-10,0.532258064516129
reservoir_observations.csv:12,2025-11,0.18333333333333332
reservoir_observations.csv:12,2026-09,0.041666666666666664
reservoir_observations.csv:13,2023-10,0.27419354838709675
reservoir_observations.csv:13,2023-11,1.0
reservoir_observations.csv:13,2023-12,1.0
reservoir_observations.csv:13,2024-01,0.5403225806451613
reservoir_observations.csv:13,2024-02,0.14655172413793102
reservoir_observations.csv:13,2024-03,0.21774193548387097
reservoir_observations.csv:13,2024-04,0.25
reservoir_observations.csv:13,2024-05,0.49193548387096775
reservoir_observations.csv:13,2024-06,0.5
reservoir_observations.csv:13,2024-07,0.6451612903225806
reservoir_observations.csv:13,2024-08,0.49193548387096775
reservoir_observations.csv:13,2024-09,1.0
reservoir_observations.csv:13,2024-10,1.0
reservoir_observations.csv:13,2024-11,1.0
reservoir_observations.csv:13,2024-12,1.0
reservoir_observations.csv:13,2025-01,0.9919354838709677
reservoir_observations.csv:13,2025-02,0.9732142857142857
reservoir_observations.csv:13,2025-03,0.9435483870967742
reservoir_observations.csv:13,2025-04,0.9666666666666667
reservoir_observations.csv:13,2025-05,0.9758064516129032
reservoir_observations.csv:13,2025-06,1.0
reservoir_observations.csv:13,2025-07,0.9919354838709677
reservoir_observations.csv:13,2025-08,0.9838709677419355
reservoir_observations.csv:13,2025-09,1.0
reservoir_observations.csv:13,2025-10,1.0
reservoir_observations.csv:13,2025-11,1.0
reservoir_observations.csv:13,2025-12,1.0
reservoir_observations.csv:13,2026-01,0.9435483870967742
reservoir_observations.csv:13,2026-02,0.9375
reservoir_observations.csv:13,2026-03,0.8951612903225806
reservoir_observations.csv:13,2026-04,0.8583333333333333
reservoir_observations.csv:13,2026-05,0.8870967741935484
reservoir_observations.csv:13,2026-06,0.875
reservoir_observations.csv:13,2026-07,0.8709677419354839
reservoir_observations.csv:13,2026-08,0.9274193548387096
reservoir_observations.csv:13,2026-09,0.9833333333333333
reservoir_observations.csv:14,2023-10,0.11290322580645161
reservoir_observations.csv:14,2023-11,0.475
reservoir_observations.csv:14,2023-12,0.03225806451612903
reservoir_observations.csv:14,2024-09,0.23333333333333334
reservoir_observations.csv:14,2024-10,0.45564516129032256
reservoir_observations.csv:14,2024-11,0.8125
reservoir_observations.csv:14,2024-12,0.43951612903225806
reservoir_observations.csv:14,2025-01,0.25806451612903225
reservoir_observations.csv:14,2025-02,0.04017857142857143
reservoir_observations.csv:14,2025-03,0.06854838709677419
reservoir_observations.csv:14,2025-04,0.0125
reservoir_observations.csv:14,2025-06,0.016666666666666666
reservoir_observations.csv:14,2025-09,0.1
reservoir_observations.csv:14,2025-10,0.5967741935483871
reservoir_observations.csv:14,2025-11,0.7
reservoir_observations.csv:14,2025-12,0.04435483870967742
reservoir_observations.csv:14,2026-09,0.0625
reservoir_observations.csv:15,2023-10,0.1774193548387097
reservoir_observations.csv:15,2023-11,1.0
reservoir_observations.csv:15,2023-12,1.0
reservoir_observations.csv:15,2024-01,0.5725806451612904
reservoir_observations.csv:15,2024-02,0.46551724137931033
reservoir_observations.csv:15,2024-03,0.43548387096774194
reservoir_observations.csv:15,2024-04,0.45
reservoir_observations.csv:15,2024-05,0.3548387096774194
reservoir_observations.csv:15,2024-06,0.2916666666666667
reservoir_observations.csv:15,2024-07,0.2661290322580645
reservoir_observations.csv:15,2024-08,0.2661290322580645
reservoir_observations.csv:15,2024-09,0.7416666666666667
reservoir_observations.csv:15,2024-10,1.0
reservoir_observations.csv:15,2024-11,1.0
reservoir_observations.csv:15,2024-12,1.0
reservoir_observations.csv:15,2025-01,0.6693548387096774
reservoir_observations.csv:15,2025-02,0.4375
reservoir_observations.csv:15,2025-03,0.3064516129032258
reservoir_observations.csv:15,2025-04,0.225
reservoir_observations.csv:15,2025-05,0.25
reservoir_observations.csv:15,2025-06,0.225
reservoir_observations.csv:15,2025-07,0.056451612903225805
reservoir_observations.csv:15,2025-09,0.23333333333333334
reservoir_observations.csv:15,2025-10,1.0
reservoir_observations.csv:15,2025-11,0.45
reservoir_observations.csv:15,2025-12,1.0
reservoir_observations.csv:15,2026-01,0.6129032258064516
reservoir_observations.csv:15,2026-02,0.22321428571428573
reservoir_observations.csv:15,2026-03,0.1693548387096774
reservoir_observations.csv:15,2026-04,0.1
reservoir_observations.csv:15,2026-05,0.11290322580645161
reservoir_observations.csv:15,2026-06,0.1
reservoir_observations.csv:15,2026-07,0.12096774193548387
reservoir_observations.csv:15,2026-08,0.10483870967741936
reservoir_observations.csv:15,2026-09,0.425
reservoir_observations.csv:16,2023-10,0.04435483870967742
reservoir_observations.csv:16,2023-11,0.41388888888888886
reservoir_observations.csv:16,2023-12,0.34408602150537637
reservoir_observations.csv:16,2024-01,0.09005376344086022
reservoir_observations.csv:16,2024-02,0.05747126436781609
reservoir_observations.csv:16,2024-03,0.08064516129032258
reservoir_observations.csv:16,2024-04,0.07361111111111111
reservoir_observations.csv:16,2024-05,0.09274193548387097
reservoir_observations.csv:16,2024-06,0.08055555555555556
reservoir_observations.csv:16,2024-07,0.08870967741935484
reservoir_observations.csv:16,2024-08,0.08736559139784947
reservoir_observations.csv:16,2024-09,0.15
reservoir_observations.csv:16,2024-10,0.24193548387096775
reservoir_observations.csv:17,2023-10,0.04704301075268817
reservoir_observations.csv:17,2023-11,0.38472222222222224
reservoir_observations.csv:17,2023-12,0.34408602150537637
reservoir_observations.csv:17,2024-01,0.09005376344086022
reservoir_observations.csv:17,2024-02,0.05747126436781609
reservoir_observations.csv:17,2024-03,0.08064516129032258
reservoir_observations.csv:17,2024-04,0.07361111111111111
reservoir_observations.csv:17,2024-05,0.09274193548387097
reservoir_observations.csv:17,2024-06,0.08055555555555556
reservoir_observations.csv:17,2024-07,0.08870967741935484
reservoir_observations.csv:17,2024-08,0.08736559139784947
reservoir_observations.csv:17,2024-09,0.15
reservoir_observations.csv:17,2024-10,0.24193548387096775
reservoir_observations.csv:2,2023-10,0.04704301075268817
reservoir_observations.csv:2,2023-11,0.22083333333333333
reservoir_observations.csv:2,2023-12,0.1989247311827957
reservoir_observations.csv:2,2024-01,0.10483870967741936
reservoir_observations.csv:2,2024-02,0.05172413793103448
reservoir_observations.csv:2,2024-03,0.03763440860215054
reservoir_observations.csv:2,2024-04,0.002777777777777778
reservoir_observations.csv:2,2024-07,0.0013440860215053765
reservoir_observations.csv:2,2024-09,0.16527777777777777
reservoir_observations.csv:2,2024-10,0.19489247311827956
reservoir_observations.csv:2,2024-11,0.29583333333333334
reservoir_observations.csv:2,2024-12,0.1693548387096774
reservoir_observations.csv:2,2025-01,0.07123655913978495
reservoir_observations.csv:2,2025-02,0.044642857142857144
reservoir_observations.csv:2,2025-03,0.026881720430107527
reservoir_observations.csv:2,2025-04,0.034722222222222224
reservoir_observations.csv:2,2025-06,0.03611111111111111
reservoir_observations.csv:2,2025-07,0.005376344086021506
reservoir_observations.csv:2,2025-08,0.0846774193548387
reservoir_observations.csv:2,2025-09,0.09861111111111111
reservoir_observations.csv:2,2025-10,0.39919354838709675
reservoir_observations.csv:2,2025-11,0.5041666666666667
reservoir_observations.csv:2,2025-12,0.1760752688172043
reservoir_observations.csv:2,2026-01,0.04435483870967742
reservoir_observations.csv:2,2026-05,0.038978494623655914
reservoir_observations.csv:2,2026-06,0.06111111111111111
reservoir_observations.csv:2,2026-07,0.07526881720430108
reservoir_observations.csv:2,2026-08,0.06451612903225806
reservoir_observations.csv:2,2026-09,0.1763888888888889
reservoir_observations.csv:3,2023-10,0.5483870967741935
reservoir_observations.csv:3,2023-11,1.0
reservoir_observations.csv:3,2023-12,0.5967741935483871
reservoir_observations.csv:3,2024-01,0.3709677419354839
reservoir_observations.csv:3,2024-02,0.017241379310344827
reservoir_observations.csv:3,2024-08,0.03225806451612903
reservoir_observations.csv:3,2024-09,1.0
reservoir_observations.csv:3,2024-10,1.0
reservoir_observations.csv:3,2024-11,1.0
reservoir_observations.csv:3,2024-12,1.0
reservoir_observations.csv:3,2025-01,1.0
reservoir_observations.csv:3,2025-02,1.0
reservoir_observations.csv:3,2025-03,1.0
reservoir_observations.csv:3,2025-04,1.0
reservoir_observations.csv:3,2025-05,1.0
reservoir_observations.csv:3,2025-06,1.0
reservoir_observations.csv:3,2025-07,1.0
reservoir_observations.csv:3,2025-08,0.9838709677419355
reservoir_observations.csv:3,2025-09,1.0
reservoir_observations.csv:3,2025-10,1.0
reservoir_observations.csv:3,2025-11,1.0
reservoir_observations.csv:3,2025-12,1.0
reservoir_observations.csv:3,2026-01,0.9516129032258065
reservoir_observations.csv:3,2026-02,1.0
reservoir_observations.csv:3,2026-03,1.0
reservoir_observations.csv:3,2026-04,0.9833333333333333
reservoir_observations.csv:3,2026-05,1.0
reservoir_observations.csv:3,2026-06,1.0
reservoir_observations.csv:3,2026-07,1.0
reservoir_observations.csv:3,2026-08,0.9838709677419355
reservoir_observations.csv:3,2026-09,1.0
reservoir_observations.csv:4,2023-10,0.5483870967741935
reservoir_observations.csv:4,2023-11,1.0
reservoir_observations.csv:4,2023-12,1.0
reservoir_observations.csv:4,2024-01,1.0
reservoir_observations.csv:4,2024-02,0.9137931034482759
reservoir_observations.csv:4,2024-03,0.9516129032258065
reservoir_observations.csv:4,2024-04,1.0
reservoir_observations.csv:4,2024-05,0.9838709677419355
reservoir_observations.csv:4,2024-06,0.9
reservoir_observations.csv:4,2024-07,0.8225806451612904
reservoir_observations.csv:4,2024-08,0.9032258064516129
reservoir_observations.csv:4,2024-09,1.0
reservoir_observations.csv:4,2024-10,1.0
reservoir_observations.csv:4,2024-11,1.0
reservoir_observations.csv:4,2024-12,1.0
reservoir_observations.csv:4,2025-01,1.0
reservoir_observations.csv:4,2025-02,0.9107142857142857
reservoir_observations.csv:4,2025-03,0.967741935483871
reservoir_observations.csv:4,2025-04,1.0
reservoir_observations.csv:4,2025-05,1.0
reservoir_observations.csv:4,2025-06,0.8666666666666667
reservoir_observations.csv:4,2025-07,0.9354838709677419
reservoir_observations.csv:4,2025-08,1.0
reservoir_observations.csv:4,2025-09,1.0
reservoir_observations.csv:4,2025-10,1.0
reservoir_observations.csv:4,2025-11,1.0
reservoir_observations.csv:4,2025-12,1.0
reservoir_observations.csv:4,2026-01,1.0
reservoir_observations.csv:4,2026-02,0.9285714285714286
reservoir_observations.csv:4,2026-03,0.967741935483871
reservoir_observations.csv:4,2026-04,0.75
reservoir_observations.csv:4,2026-05,1.0
reservoir_observations.csv:4,2026-06,0.9833333333333333
reservoir_observations.csv:4,2026-07,0.9193548387096774
reservoir_observations.csv:4,2026-08,0.8548387096774194
reservoir_observations.csv:4,2026-09,1.0
reservoir_observations.csv:5,2023-10,0.04435483870967742
reservoir_observations.csv:5,2023-11,0.22361111111111112
reservoir_observations.csv:5,2023-12,0.23790322580645162
reservoir_observations.csv:5,2024-01,0.056451612903225805
reservoir_observations.csv:5,2024-02,0.031609195402298854
reservoir_observations.csv:5,2024-03,0.020161290322580645
reservoir_observations.csv:5,2024-04,0.03194444444444444
reservoir_observations.csv:5,2024-05,0.030913978494623656
reservoir_observations.csv:5,2024-06,0.019444444444444445
reservoir_observations.csv:5,2024-07,0.024193548387096774
reservoir_observations.csv:5,2024-08,0.010752688172043012
reservoir_observations.csv:5,2024-09,0.2152777777777778
reservoir_observations.csv:5,2024-10,0.8575268817204301
reservoir_observations.csv:5,2024-11,0.8555555555555555
reservoir_observations.csv:5,2024-12,0.1532258064516129
reservoir_observations.csv:5,2025-01,0.053763440860215055
reservoir_observations.csv:5,2025-02,0.03125
reservoir_observations.csv:5,2025-03,0.021505376344086023
reservoir_observations.csv:5,2025-04,0.025
reservoir_observations.csv:5,2025-05,0.026881720430107527
reservoir_observations.csv:5,2025-06,0.0625
reservoir_observations.csv:5,2025-07,0.010752688172043012
reservoir_observations.csv:5,2025-08,0.038978494623655914
reservoir_observations.csv:5,2025-09,0.10138888888888889
reservoir_observations.csv:5,2025-10,0.1975806451612903
reservoir_observations.csv:5,2025-11,0.4222222222222222
reservoir_observations.csv:5,2025-12,0.08333333333333333
reservoir_observations.csv:5,2026-01,0.01881720430107527
reservoir_observations.csv:5,2026-02,0.010416666666666666
reservoir_observations.csv:5,2026-03,0.008064516129032258
reservoir_observations.csv:5,2026-04,0.008333333333333333
reservoir_observations.csv:5,2026-05,0.004032258064516129
reservoir_observations.csv:5,2026-06,0.008333333333333333
reservoir_observations.csv:5,2026-08,0.009408602150537635
reservoir_observations.csv:5,2026-09,0.13055555555555556
reservoir_observations.csv:6,2023-10,0.23387096774193547
reservoir_observations.csv:6,2023-11,1.0
reservoir_observations.csv:6,2023-12,1.0
reservoir_observations.csv:6,2024-01,0.7983870967741935
reservoir_observations.csv:6,2024-02,0.9224137931034483
reservoir_observations.csv:6,2024-03,0.5645161290322581
reservoir_observations.csv:6,2024-04,0.225
reservoir_observations.csv:6,2024-09,0.8666666666666667
reservoir_observations.csv:6,2024-10,1.0
reservoir_observations.csv:6,2024-11,1.0
reservoir_observations.csv:6,2024-12,1.0
reservoir_observations.csv:6,2025-01,0.7338709677419355
reservoir_observations.csv:6,2025-02,0.9464285714285714
reservoir_observations.csv:6,2025-03,0.8870967741935484
reservoir_observations.csv:6,2025-04,0.825
reservoir_observations.csv:6,2025-05,0.7661290322580645
reservoir_observations.csv:6,2025-06,0.725
reservoir_observations.csv:6,2025-07,0.2903225806451613
reservoir_observations.csv:6,2025-08,0.43548387096774194
reservoir_observations.csv:6,2025-09,0.8166666666666667
reservoir_observations.csv:6,2025-10,1.0
reservoir_observations.csv:6,2025-11,1.0
reservoir_observations.csv:6,2025-12,1.0
reservoir_observations.csv:6,2026-01,0.8870967741935484
reservoir_observations.csv:6,2026-02,0.26785714285714285
reservoir_observations.csv:6,2026-03,0.2661290322580645
reservoir_observations.csv:6,2026-04,0.041666666666666664
reservoir_observations.csv:6,2026-07,0.6451612903225806
reservoir_observations.csv:6,2026-08,0.7258064516129032
reservoir_observations.csv:6,2026-09,0.875
reservoir_observations.csv:7,2023-10,0.45161290322580644
reservoir_observations.csv:7,2023-11,1.0
reservoir_observations.csv:7,2023-12,1.0
reservoir_observations.csv:7,2024-01,1.0
reservoir_observations.csv:7,2024-02,0.20689655172413793
reservoir_observations.csv:7,2024-09,0.43333333333333335
reservoir_observations.csv:7,2024-10,1.0
reservoir_observations.csv:7,2024-11,0.9166666666666666
reservoir_observations.csv:7,2024-12,1.0
reservoir_observations.csv:7,2025-01,0.9032258064516129
reservoir_observations.csv:7,2025-02,0.14285714285714285
reservoir_observations.csv:7,2025-09,0.43333333333333335
reservoir_observations.csv:7,2025-10,1.0
reservoir_observations.csv:7,2025-11,1.0
reservoir_observations.csv:7,2025-12,0.9516129032258065
reservoir_observations.csv:7,2026-01,0.016129032258064516
reservoir_observations.csv:7,2026-09,0.31666666666666665
reservoir_observations.csv:7,2026-10,0.016129032258064516
reservoir_observations.csv:8,2023-10,0.532258064516129
reservoir_observations.csv:8,2023-11,1.0
reservoir_observations.csv:8,2023-12,0.46774193548387094
reservoir_observations.csv:8,2024-01,0.16129032258064516
reservoir_observations.csv:8,2024-02,0.05172413793103448
reservoir_observations.csv:8,2024-06,0.016666666666666666
reservoir_observations.csv:8,2024-07,0.016129032258064516
reservoir_observations.csv:8,2024-09,1.0
reservoir_observations.csv:8,2024-10,1.0
reservoir_observations.csv:8,2024-11,1.0
reservoir_observations.csv:8,2024-12,1.0
reservoir_observations.csv:8,2025-01,0.5967741935483871
reservoir_observations.csv:8,2025-02,0.48214285714285715
reservoir_observations.csv:8,2025-03,0.4838709677419355
reservoir_observations.csv:8,2025-04,0.4166666666666667
reservoir_observations.csv:8,2025-05,0.2903225806451613
reservoir_observations.csv:8,2025-06,0.5833333333333334
reservoir_observations.csv:8,2025-07,0.5645161290322581
reservoir_observations.csv:8,2025-08,0.8709677419354839
reservoir_observations.csv:8,2025-09,1.0
reservoir_observations.csv:8,2025-10,1.0
reservoir_observations.csv:8,2025-11,1.0
reservoir_observations.csv:8,2025-12,1.0
reservoir_observations.csv:8,2026-01,0.8870967741935484
reservoir_observations.csv:8,2026-02,0.9821428571428571
reservoir_observations.csv:8,2026-03,0.9354838709677419
reservoir_observations.csv:8,2026-04,0.7666666666666667
reservoir_observations.csv:8,2026-05,0.9032258064516129
reservoir_observations.csv:8,2026-06,0.9166666666666666
reservoir_observations.csv:8,2026-07,0.8709677419354839
reservoir_observations.csv:8,2026-08,1.0
reservoir_observations.csv:8,2026-09,1.0
reservoir_observations.csv:9,2023-10,0.04435483870967742
reservoir_observations.csv:9,2023-11,0.17083333333333334
reservoir_observations.csv:9,2024-09,0.03888888888888889
reservoir_observations.csv:9,2024-10,0.06451612903225806
reservoir_observations.csv:9,2024-11,0.08888888888888889
reservoir_observations.csv:9,2025-09,0.009722222222222222
reservoir_observations.csv:9,2025-10,0.0739247311827957
reservoir_observations.csv:9,2025-11,0.07222222222222222
reservoir_observations.csv:9,2026-09,0.013888888888888888
