reservoir,variable,records,missing_ratio,median_interval_minutes,same_time_correlation_with_da_vien,paired_hours,value_change_events,hydrologic_relationship
1,htl,4690,0.0,360.0,0.1995448279219261,998,3857,UNKNOWN; correlation is exploratory and is not merge authorization.
1,hhl,111,0.9763326226012793,360.0,,0,2,UNKNOWN; correlation is exploratory and is not merge authorization.
1,qden,4690,0.0,360.0,0.8015493579328615,998,3954,UNKNOWN; correlation is exploratory and is not merge authorization.
1,qdi,4690,0.0,360.0,0.863150853933069,998,2390,UNKNOWN; correlation is exploratory and is not merge authorization.
1,mucnuocsong,111,0.9763326226012793,360.0,,0,0,UNKNOWN; correlation is exploratory and is not merge authorization.
2,htl,2534,0.0,180.0,0.2927374702079981,673,2147,UNKNOWN; correlation is exploratory and is not merge authorization.
2,hhl,116,0.9542225730071034,180.0,,0,2,UNKNOWN; correlation is exploratory and is not merge authorization.
2,qden,2533,0.0003946329913180742,180.0,0.7317882150252812,673,2218,UNKNOWN; correlation is exploratory and is not merge authorization.
2,qdi,2534,0.0,180.0,0.8641830928223413,673,1696,UNKNOWN; correlation is exploratory and is not merge authorization.
2,mucnuocsong,116,0.9542225730071034,180.0,,0,0,UNKNOWN; correlation is exploratory and is not merge authorization.
3,htl,2257,0.0,720.0,0.1586030247465915,768,2101,UNKNOWN; correlation is exploratory and is not merge authorization.
3,hhl,116,0.948604342046965,720.0,,1,4,UNKNOWN; correlation is exploratory and is not merge authorization.
3,qden,2257,0.0,720.0,0.7922368638550492,768,2091,UNKNOWN; correlation is exploratory and is not merge authorization.
3,qdi,2257,0.0,720.0,0.784152307959312,768,712,UNKNOWN; correlation is exploratory and is not merge authorization.
3,mucnuocsong,116,0.948604342046965,720.0,,1,0,UNKNOWN; correlation is exploratory and is not merge authorization.
4,htl,2937,0.0,360.0,0.8406034593086781,818,2706,UNKNOWN; correlation is exploratory and is not merge authorization.
4,hhl,2937,0.0,360.0,0.7469404581209013,818,2722,UNKNOWN; correlation is exploratory and is not merge authorization.
4,qden,115,0.9608443990466462,360.0,,0,0,UNKNOWN; correlation is exploratory and is not merge authorization.
4,qdi,115,0.9608443990466462,360.0,,0,0,UNKNOWN; correlation is exploratory and is not merge authorization.
4,socuamo,6,0.9979570990806946,360.0,-0.0984668089054712,3,3,UNKNOWN; correlation is exploratory and is not merge authorization.
4,mucnuocsong,115,0.9608443990466462,360.0,,0,0,UNKNOWN; correlation is exploratory and is not merge authorization.
5,htl,3026,0.0,60.0,0.2859399442107956,335,2059,UNKNOWN; correlation is exploratory and is not merge authorization.
5,hhl,99,0.9672835426305354,60.0,,0,4,UNKNOWN; correlation is exploratory and is not merge authorization.
5,qden,3026,0.0,60.0,0.2336822220178101,335,2720,UNKNOWN; correlation is exploratory and is not merge authorization.
5,qdi,3026,0.0,60.0,0.6508138982019853,335,1346,UNKNOWN; correlation is exploratory and is not merge authorization.
5,mucnuocsong,107,0.9646397884996696,60.0,,0,0,UNKNOWN; correlation is exploratory and is not merge authorization.
6,htl,3041,0.0,360.0,0.6021337935752938,720,2819,UNKNOWN; correlation is exploratory and is not merge authorization.
6,hhl,102,0.9664584018414996,360.0,,0,2,UNKNOWN; correlation is exploratory and is not merge authorization.
6,qden,3041,0.0,360.0,0.6773782449753167,720,1540,UNKNOWN; correlation is exploratory and is not merge authorization.
6,qdi,3041,0.0,360.0,0.6434381235116474,720,2377,UNKNOWN; correlation is exploratory and is not merge authorization.
6,mucnuocsong,109,0.964156527458073,360.0,,0,0,UNKNOWN; correlation is exploratory and is not merge authorization.
7,htl,1136,0.0,360.0,0.06632198277001469,184,861,UNKNOWN; correlation is exploratory and is not merge authorization.
7,hhl,91,0.9198943661971831,360.0,,0,0,UNKNOWN; correlation is exploratory and is not merge authorization.
7,qden,1136,0.0,360.0,0.466276178568521,184,625,UNKNOWN; correlation is exploratory and is not merge authorization.
7,qdi,1136,0.0,360.0,0.44455897517152454,184,380,UNKNOWN; correlation is exploratory and is not merge authorization.
7,mucnuocsong,99,0.9128521126760564,360.0,,0,0,UNKNOWN; correlation is exploratory and is not merge authorization.
8,htl,2086,0.0,360.0,0.02354598574342782,768,1988,UNKNOWN; correlation is exploratory and is not merge authorization.
8,hhl,100,0.9520613614573347,360.0,,0,15,UNKNOWN; correlation is exploratory and is not merge authorization.
8,qden,2038,0.023010546500479387,360.0,0.6588698581318858,768,1757,UNKNOWN; correlation is exploratory and is not merge authorization.
8,qdi,2086,0.0,360.0,0.6627173470426633,768,1944,UNKNOWN; correlation is exploratory and is not merge authorization.
8,mucnuocsong,108,0.9482262703739214,360.0,,0,0,UNKNOWN; correlation is exploratory and is not merge authorization.
9,htl,423,0.0,180.0,0.37164109011441193,27,282,UNKNOWN; correlation is exploratory and is not merge authorization.
9,hhl,85,0.7990543735224587,180.0,,0,0,UNKNOWN; correlation is exploratory and is not merge authorization.
9,qden,423,0.0,180.0,0.07423672216135084,27,323,UNKNOWN; correlation is exploratory and is not merge authorization.
9,qdi,423,0.0,180.0,0.0803088663747097,27,297,UNKNOWN; correlation is exploratory and is not merge authorization.
9,mucnuocsong,93,0.7801418439716312,180.0,,0,0,UNKNOWN; correlation is exploratory and is not merge authorization.
10,htl,4251,0.0,360.0,0.048177532910638546,1265,4147,UNKNOWN; correlation is exploratory and is not merge authorization.
10,hhl,89,0.9790637497059516,360.0,,0,0,UNKNOWN; correlation is exploratory and is not merge authorization.
10,qden,4251,0.0,360.0,0.5786723971005401,1265,3053,UNKNOWN; correlation is exploratory and is not merge authorization.
10,qdi,4251,0.0,360.0,0.5248322747094455,1265,2653,UNKNOWN; correlation is exploratory and is not merge authorization.
10,mucnuocsong,97,0.9771818395671606,360.0,,0,0,UNKNOWN; correlation is exploratory and is not merge authorization.
11,htl,2336,0.0,720.0,-0.042940796867002515,467,2059,UNKNOWN; correlation is exploratory and is not merge authorization.
11,hhl,87,0.9627568493150684,720.0,,0,0,UNKNOWN; correlation is exploratory and is not merge authorization.
11,qden,2336,0.0,720.0,0.5356879801519144,467,1566,UNKNOWN; correlation is exploratory and is not merge authorization.
11,qdi,2336,0.0,720.0,0.4921408918299503,467,1180,UNKNOWN; correlation is exploratory and is not merge authorization.
11,mucnuocsong,95,0.959332191780822,720.0,,0,0,UNKNOWN; correlation is exploratory and is not merge authorization.
12,htl,957,0.0,360.0,0.4025486932520703,16,882,UNKNOWN; correlation is exploratory and is not merge authorization.
12,hhl,90,0.9059561128526645,360.0,,0,0,UNKNOWN; correlation is exploratory and is not merge authorization.
12,qden,956,0.0010449320794148381,360.0,0.3289681943873724,16,737,UNKNOWN; correlation is exploratory and is not merge authorization.
12,qdi,957,0.0,360.0,0.27814703783663175,16,883,UNKNOWN; correlation is exploratory and is not merge authorization.
12,mucnuocsong,98,0.8975966562173459,360.0,,0,0,UNKNOWN; correlation is exploratory and is not merge authorization.
13,htl,4181,0.0,360.0,0.12589105022898733,1299,2948,UNKNOWN; correlation is exploratory and is not merge authorization.
13,hhl,82,0.9803874671131309,360.0,,0,0,UNKNOWN; correlation is exploratory and is not merge authorization.
13,qden,4135,0.011002152595072949,360.0,0.7315955468940102,1299,2578,UNKNOWN; correlation is exploratory and is not merge authorization.
13,qdi,4181,0.0,360.0,0.7251885553842028,1299,2725,UNKNOWN; correlation is exploratory and is not merge authorization.
13,mucnuocsong,90,0.9784740492705094,360.0,,0,0,UNKNOWN; correlation is exploratory and is not merge authorization.
14,htl,1097,0.0,180.0,0.7891963652240579,112,1008,UNKNOWN; correlation is exploratory and is not merge authorization.
14,hhl,81,0.92616226071103,180.0,,0,0,UNKNOWN; correlation is exploratory and is not merge authorization.
14,qden,1097,0.0,180.0,0.7544412678965319,112,952,UNKNOWN; correlation is exploratory and is not merge authorization.
14,qdi,1097,0.0,180.0,0.753356241687535,112,940,UNKNOWN; correlation is exploratory and is not merge authorization.
14,mucnuocsong,89,0.918869644484959,180.0,,0,0,UNKNOWN; correlation is exploratory and is not merge authorization.
15,htl,2221,0.0,360.0,-0.05707233383695138,402,1941,UNKNOWN; correlation is exploratory and is not merge authorization.
15,hhl,72,0.9675821701936065,360.0,,0,0,UNKNOWN; correlation is exploratory and is not merge authorization.
15,qden,2220,0.00045024763619990995,360.0,0.6454649271456722,402,1685,UNKNOWN; correlation is exploratory and is not merge authorization.
15,qdi,2221,0.0,360.0,0.6362343585028851,402,1454,UNKNOWN; correlation is exploratory and is not merge authorization.
15,mucnuocsong,80,0.9639801891040072,360.0,,0,0,UNKNOWN; correlation is exploratory and is not merge authorization.
16,htl,155,0.8873546511627907,360.0,,0,0,UNKNOWN; correlation is exploratory and is not merge authorization.
16,hhl,155,0.8873546511627907,360.0,,0,0,UNKNOWN; correlation is exploratory and is not merge authorization.
16,qden,155,0.8873546511627907,360.0,,0,0,UNKNOWN; correlation is exploratory and is not merge authorization.
16,qdi,155,0.8873546511627907,360.0,,0,0,UNKNOWN; correlation is exploratory and is not merge authorization.
16,mucnuocsong,1376,0.0,360.0,,0,1261,UNKNOWN; correlation is exploratory and is not merge authorization.
17,htl,137,0.8981412639405204,360.0,,0,4,UNKNOWN; correlation is exploratory and is not merge authorization.
17,hhl,137,0.8981412639405204,360.0,,0,0,UNKNOWN; correlation is exploratory and is not merge authorization.
17,qden,137,0.8981412639405204,360.0,,0,4,UNKNOWN; correlation is exploratory and is not merge authorization.
17,qdi,137,0.8981412639405204,360.0,,0,4,UNKNOWN; correlation is exploratory and is not merge authorization.
17,mucnuocsong,1345,0.0,360.0,,0,1156,UNKNOWN; correlation is exploratory and is not merge authorization.
