type,id,name,longitude,latitude,coordinates_available
rain,682816,Hồ Hòa Mỹ (Phong Điền),107.315278,16.499444,True
rain,750007,Nhâm (A Lưới),107.179444,16.221111,True
rain,750008,A Đớt (A Lưới),107.370278,16.076944,True
rain,750024,An Tây (Thuận Hóa),107.5975,16.433611,True
rain,750002,Hồ Mỹ Xuyên (Phong Điền),107.322778,16.635278,True
rain,750045,Đan Điền,107.430346,16.647204,True
rain,750062,Hồng Thái (A Lưới),107.24161,16.23981,True
rain,750015,Hồ Tà Rinh (Phú Lộc),107.679079,16.113471,True
rain,14696,Hồ chứa nước Khe Ngang,107.505667,16.430778,True
rain,750016,Trạm bơm Sơn Bổn,107.759362,16.346493,True
rain,750041,Bạch Mã,107.873289,16.251017,True
rain,228006,VPTT PCTTHUE,107.589346,16.463263,True
rain,750025,Thị trấn Phong Điền (Phong Điền),107.365556,16.582222,True
rain,750014,Hồ chứa nước Phú Bài (Hương Thủy),107.702324,16.350147,True
rain,750027,Thủy Thanh (Hương Thủy),107.640083,16.466998,True
rain,750032,Trạm bơm Quảng Thành (Quảng Điền),107.578056,16.56,True
rain,681524,Hồ Thọ Sơn (Hương Trà),107.478333,16.476667,True
rain,750012,"Đập, Thủy điện Thượng Nhật (Phú Lộc)",107.694444,16.122778,True
rain,750006,Hương Nguyên (A Lưới),107.485278,16.081111,True
rain,14690,Hồ chứa nước Thủy Yên,107.929472,16.237167,True
rain,677493,TT Khe Tre (Phú Lộc),107.718889,16.168333,True
rain,750033,VP QLKTCTTL TP Huế (TP Huế),107.55515,16.4897,True
rain,750011,Hồ A Lá (A Lưới),107.245,16.260278,True
rain,750009,Lộc Tiến (Phú Lộc),107.990556,16.271944,True
rain,228005,Cảng Chân Mây,108.020278,16.3325,True
rain,750028,Hương Sơn (Phú Lộc),107.681303,16.169597,True
rain,750035,Cảng Tư Hiền,107.911559,16.351878,True
rain,750061,Thủy điện Bình Điền (Hương Trà),107.501389,16.316389,True
rain,677851,TT Sịa (Quảng Điền),107.511944,16.585556,True
rain,750001,TT Phú Đa (Phú Vang),107.714337,16.439844,True
rain,750029,Thượng Quảng (Phú Lộc),107.630705,16.122946,True
rain,750059,Cảng Thuận An,107.6353,16.548073,True
rain,750003,Thị trấn A Lưới (A Lưới),107.2325,16.272222,True
rain,750022,Đồn Biên phòng Cảng Chân Mây (Phú Lộc),108.028611,16.324722,True
rain,750063,Phú Sơn (Hương Thủy),107.67101,16.33895,True
rain,567011,Quan Tượng Đài (Phú Xuân),107.570838,16.462203,True
rain,750034,Trạm bơm Vinh Hà (Phú Vang),107.80682,16.37033,True
rain,750010,Giang Hải (Phú Lộc),107.863056,16.366389,True
rain,750047,Lộc An,107.764435,16.324367,True
rain,750026,Bình Tiến (Hương Trà),107.447222,16.351944,True
rain,750023,Quảng Phú (Quảng Điền),107.491944,16.530833,True
rain,750021,Đồn Biên phòng Lăng Cô (Phú Lộc),108.087222,16.230278,True
rain,958573,Đập Thủy điện Rào Trăng 3 (Phong Điền),107.249444,16.409444,True
rain,678628,Tà Lương (A Lưới),107.335833,16.301111,True
rain,750065,Xuân Lộc (Phú Lộc),107.70329,16.2619,True
rain,750005,Hồng Vân (A Lưới),107.124722,16.361944,True
rain,750013,Lưu vực Thủy điện Thượng Nhật (Phú Lộc),107.695556,16.101111,True
rain,750042,Trạm kiểm lâm Khe Mỏ Rang,107.852642,16.140728,True
rain,959428,Đập Thủy điện Rào Trăng 4 (Phong Điền),107.298056,16.397222,True
rain,14699,Hồ chứa nước Truồi,107.783688,16.255637,True
rain,750040,Hương Chữ (Hương Trà),107.520801,16.491431,True
rain,750066,Đỉnh Bạch Mã (Phú Lộc),107.857476,16.199675,True
rain,750030,Vườn Quốc gia Bạch Mã (Phú Lộc),107.855796,16.22726,True
rain,750046,Vỹ Dạ,107.623624,16.486648,True
rain,750064,Điền Hương (Phong Điền),107.36369,16.70528,True
water_level,751118,"Thôn Phò Nam A, xã Quảng Thọ",107.520278,16.54,True
water_level,750043,Phú Xuân,107.567045,16.480762,True
water_level,750044,An Cựu,107.607593,16.461126,True
water_level,74647404,Trạm Tứ Phú (Sông Bồ),107.483889,16.524389,True
water_level,74647402,Cảng Cá Thuận An,107.63527,16.554968,True
water_level,74647705,Trạm Ngã Ba Sình (Sông Hương),107.574,16.528167,True
water_level,74647606,Cầu Huỳnh Liên-Văn Trạch Hòa(Sông Ô Lâu),107.347889,16.576556,True
water_level,75882244,"Xóm Gióng, Phường Thủy Dương",107.61344,16.4445,True
water_level,751116,"Khu đô thị An Cựu City, TP Huế",107.6098,16.45548,True
water_level,74648201,Cảng Tư Hiền,107.911435,16.351933,True
water_level,11223344,Khu TĐC Hương Sơ(Thành phố Huế),107.56257,16.50088,True
water_level,55889944,"Thủ Lễ, xã Quảng Phước",107.52441,16.56392,True
water_level,97203841,Cầu Hòa Xuân 1(Sông Ô Lâu),107.417806,16.673889,True
water_level,751117,"Thôn Trung Làng, xã Quảng Thái",107.429722,16.638889,True
water_level,751115,"Chung cư Xuân Phú, TP Huế",107.612778,16.468056,True
water_level,75996644,Xã Thủy Thanh (TX Hương Thủy),107.64228,16.46788,True
water_level,74647403,Trạm Dã Viên (Sông Hương),107.571361,16.458944,True
wind,759002,Cảng Thuận An,107.635111,16.550444,True
wind,759001,Cảng Tư Hiền,107.911559,16.351878,True
wind,228005,Cảng Chân Mây,108.020278,16.3325,True
wind,228006,VPTT PCTTHUE,107.589346,16.463263,True
reservoir,1,Thủy điện Hương Điền,107.42496206856846,16.460197715707494,True
reservoir,10,Thủy điện A Lin Thượng,107.13210415380486,16.34346039061965,True
reservoir,11,Đập A Lin 3,107.23896731960582,16.408817056217185,True
reservoir,12,Đập A LIN B1,107.15019273267094,16.312290999430303,True
reservoir,13,Thủy điện A LIN B2,107.22440600288505,16.410040968502095,True
reservoir,14,Thủy điện Rào Trăng 3,107.24968023096706,16.40929626637363,True
reservoir,15,Thủy điện Rào Trăng 4,107.29770041147532,16.39757653345242,True
reservoir,16,Trạm Dã Viên (Sông Hương),,,False
reservoir,17,Trạm Tứ Phú (Sông Bồ),,,False
reservoir,19,Cảng cá Thuận An,,,False
reservoir,2,Thủy điện Bình Điền,107.50026559014816,16.319757908527183,True
reservoir,20,Cảng Tư Hiền,,,False
reservoir,3,Hồ Tả Trạch,107.63174764855556,16.312159392512257,True
reservoir,4,Đập Thảo Long,107.61707750963326,16.54728627434519,True
reservoir,5,Thủy điện A Lưới,107.36170235195976,16.27640053704192,True
reservoir,6,Thủy điện Thượng Lộ,107.75005555380204,16.141215008552305,True
reservoir,7,Thủy điện Thượng Nhật,107.69384564030632,16.115282593356646,True
reservoir,8,Thủy điện A Roàng,107.39681054030648,16.134598353270764,True
reservoir,9,Thủy điện Sông Bồ,107.37143011147326,16.248149289239645,True
