source,series_id,start,end,duration_days,actual_records,unique_timestamps,duplicate_timestamps,nominal_interval_minutes,expected_records,availability_ratio,longest_gap_minutes,gaps_over_10m,gaps_over_30m,gaps_over_1h,gaps_over_6h,gaps_over_24h,interval_percentiles_minutes
rain_observations.csv,14690,2025-10-31 15:10:00+00:00,2026-09-30 04:00:00+00:00,333.53472222222223,47902,47902,0,10.0,48030,0.9973349989589839,1010.0,28,1,1,1,0,"{'0.0': 10.0, '0.25': 10.0, '0.5': 10.0, '0.75': 10.0, '0.9': 10.0, '0.99': 10.0, '1.0': 1010.0}"
rain_observations.csv,14696,2025-10-31 15:10:00+00:00,2026-09-30 04:00:00+00:00,333.53472222222223,48028,48028,0,10.0,48030,0.9999583593587341,20.0,2,0,0,0,0,"{'0.0': 10.0, '0.25': 10.0, '0.5': 10.0, '0.75': 10.0, '0.9': 10.0, '0.99': 10.0, '1.0': 20.0}"
rain_observations.csv,14699,2025-10-31 15:10:00+00:00,2026-09-30 04:00:00+00:00,333.53472222222223,47839,47839,0,10.0,48030,0.9960233187591089,1660.0,26,1,1,1,1,"{'0.0': 10.0, '0.25': 10.0, '0.5': 10.0, '0.75': 10.0, '0.9': 10.0, '0.99': 10.0, '1.0': 1660.0}"
rain_observations.csv,228005,2026-03-24 00:10:00+00:00,2026-09-30 04:00:00+00:00,190.15972222222223,27382,27382,0,10.0,27384,0.999926964650891,20.0,2,0,0,0,0,"{'0.0': 10.0, '0.25': 10.0, '0.5': 10.0, '0.75': 10.0, '0.9': 10.0, '0.99': 10.0, '1.0': 20.0}"
rain_observations.csv,228006,2026-01-22 19:10:00+00:00,2026-09-30 04:00:00+00:00,250.36805555555554,36052,36052,0,10.0,36054,0.999944527652965,20.0,2,0,0,0,0,"{'0.0': 10.0, '0.25': 10.0, '0.5': 10.0, '0.75': 10.0, '0.9': 10.0, '0.99': 10.0, '1.0': 20.0}"
rain_observations.csv,567011,2025-10-31 15:10:00+00:00,2026-09-30 04:00:00+00:00,333.53472222222223,47932,47932,0,10.0,48030,0.9979596085779721,890.0,8,2,1,1,0,"{'0.0': 10.0, '0.25': 10.0, '0.5': 10.0, '0.75': 10.0, '0.9': 10.0, '0.99': 10.0, '1.0': 890.0}"
rain_observations.csv,677493,2025-10-31 15:10:00+00:00,2026-09-30 04:00:00+00:00,333.53472222222223,48028,48028,0,10.0,48030,0.9999583593587341,20.0,2,0,0,0,0,"{'0.0': 10.0, '0.25': 10.0, '0.5': 10.0, '0.75': 10.0, '0.9': 10.0, '0.99': 10.0, '1.0': 20.0}"
rain_observations.csv,677851,2025-10-31 15:10:00+00:00,2026-09-30 04:00:00+00:00,333.53472222222223,48000,48000,0,10.0,48030,0.9993753903810119,60.0,18,4,0,0,0,"{'0.0': 10.0, '0.25': 10.0, '0.5': 10.0, '0.75': 10.0, '0.9': 10.0, '0.99': 10.0, '1.0': 60.0}"
rain_observations.csv,678628,2025-10-31 15:10:00+00:00,2026-09-30 04:00:00+00:00,333.53472222222223,48028,48028,0,10.0,48030,0.9999583593587341,20.0,2,0,0,0,0,"{'0.0': 10.0, '0.25': 10.0, '0.5': 10.0, '0.75': 10.0, '0.9': 10.0, '0.99': 10.0, '1.0': 20.0}"
rain_observations.csv,681524,2025-10-31 15:10:00+00:00,2026-09-30 04:00:00+00:00,333.53472222222223,48022,48022,0,10.0,48030,0.9998334374349365,20.0,8,0,0,0,0,"{'0.0': 10.0, '0.25': 10.0, '0.5': 10.0, '0.75': 10.0, '0.9': 10.0, '0.99': 10.0, '1.0': 20.0}"
rain_observations.csv,682816,2025-10-31 15:10:00+00:00,2026-09-30 04:00:00+00:00,333.53472222222223,47914,47914,0,10.0,48030,0.9975848428065792,120.0,27,16,6,0,0,"{'0.0': 10.0, '0.25': 10.0, '0.5': 10.0, '0.75': 10.0, '0.9': 10.0, '0.99': 10.0, '1.0': 120.0}"
rain_observations.csv,750001,2025-10-31 15:10:00+00:00,2026-09-30 04:00:00+00:00,333.53472222222223,46446,46446,0,10.0,48030,0.9670206121174266,10530.0,45,21,4,3,2,"{'0.0': 10.0, '0.25': 10.0, '0.5': 10.0, '0.75': 10.0, '0.9': 10.0, '0.99': 10.0, '1.0': 10530.0}"
rain_observations.csv,750002,2025-10-31 15:10:00+00:00,2026-09-30 04:00:00+00:00,333.53472222222223,48024,48024,0,10.0,48030,0.9998750780762024,20.0,6,0,0,0,0,"{'0.0': 10.0, '0.25': 10.0, '0.5': 10.0, '0.75': 10.0, '0.9': 10.0, '0.99': 10.0, '1.0': 20.0}"
rain_observations.csv,750003,2025-10-31 15:10:00+00:00,2026-09-30 04:00:00+00:00,333.53472222222223,47910,47910,0,10.0,48030,0.9975015615240475,1110.0,9,2,1,1,0,"{'0.0': 10.0, '0.25': 10.0, '0.5': 10.0, '0.75': 10.0, '0.9': 10.0, '0.99': 10.0, '1.0': 1110.0}"
rain_observations.csv,750005,2025-10-31 15:10:00+00:00,2026-09-30 04:00:00+00:00,333.53472222222223,48028,48028,0,10.0,48030,0.9999583593587341,20.0,2,0,0,0,0,"{'0.0': 10.0, '0.25': 10.0, '0.5': 10.0, '0.75': 10.0, '0.9': 10.0, '0.99': 10.0, '1.0': 20.0}"
rain_observations.csv,750006,2025-11-04 06:10:00+00:00,2026-09-30 04:00:00+00:00,329.90972222222223,46780,46780,0,10.0,47508,0.9846762650500969,3180.0,83,48,22,2,1,"{'0.0': 10.0, '0.25': 10.0, '0.5': 10.0, '0.75': 10.0, '0.9': 10.0, '0.99': 10.0, '1.0': 3180.0}"
rain_observations.csv,750007,2025-10-31 15:10:00+00:00,2026-09-30 04:00:00+00:00,333.53472222222223,48028,48028,0,10.0,48030,0.9999583593587341,20.0,2,0,0,0,0,"{'0.0': 10.0, '0.25': 10.0, '0.5': 10.0, '0.75': 10.0, '0.9': 10.0, '0.99': 10.0, '1.0': 20.0}"
rain_observations.csv,750008,2025-10-31 15:10:00+00:00,2026-09-30 04:00:00+00:00,333.53472222222223,48028,48028,0,10.0,48030,0.9999583593587341,20.0,2,0,0,0,0,"{'0.0': 10.0, '0.25': 10.0, '0.5': 10.0, '0.75': 10.0, '0.9': 10.0, '0.99': 10.0, '1.0': 20.0}"
rain_observations.csv,750009,2025-10-31 15:10:00+00:00,2026-09-30 04:00:00+00:00,333.53472222222223,46559,46559,0,10.0,48030,0.9693733083489485,12640.0,24,2,2,2,2,"{'0.0': 10.0, '0.25': 10.0, '0.5': 10.0, '0.75': 10.0, '0.9': 10.0, '0.99': 10.0, '1.0': 12640.0}"
rain_observations.csv,750010,2025-10-31 15:10:00+00:00,2026-09-30 04:00:00+00:00,333.53472222222223,48026,48026,0,10.0,48030,0.9999167187174682,20.0,4,0,0,0,0,"{'0.0': 10.0, '0.25': 10.0, '0.5': 10.0, '0.75': 10.0, '0.9': 10.0, '0.99': 10.0, '1.0': 20.0}"
rain_observations.csv,750011,2025-10-31 15:10:00+00:00,2026-09-30 04:00:00+00:00,333.53472222222223,48028,48028,0,10.0,48030,0.9999583593587341,20.0,2,0,0,0,0,"{'0.0': 10.0, '0.25': 10.0, '0.5': 10.0, '0.75': 10.0, '0.9': 10.0, '0.99': 10.0, '1.0': 20.0}"
rain_observations.csv,750012,2025-10-31 15:10:00+00:00,2026-09-30 04:00:00+00:00,333.53472222222223,45836,45836,0,10.0,48030,0.9543202165313346,19400.0,12,8,4,2,2,"{'0.0': 10.0, '0.25': 10.0, '0.5': 10.0, '0.75': 10.0, '0.9': 10.0, '0.99': 10.0, '1.0': 19400.0}"
rain_observations.csv,750013,2025-10-31 15:10:00+00:00,2026-09-30 04:00:00+00:00,333.53472222222223,41836,41836,0,10.0,48030,0.8710389339995835,61930.0,3,1,1,1,1,"{'0.0': 10.0, '0.25': 10.0, '0.5': 10.0, '0.75': 10.0, '0.9': 10.0, '0.99': 10.0, '1.0': 61930.0}"
rain_observations.csv,750014,2025-10-31 15:10:00+00:00,2026-09-30 03:50:00+00:00,333.52777777777777,47263,47263,0,10.0,48029,0.9840513023381707,7450.0,20,2,1,1,1,"{'0.0': 10.0, '0.25': 10.0, '0.5': 10.0, '0.75': 10.0, '0.9': 10.0, '0.99': 10.0, '1.0': 7450.0}"
rain_observations.csv,750015,2025-10-31 15:10:00+00:00,2026-09-30 04:00:00+00:00,333.53472222222223,47278,47278,0,10.0,48030,0.9843431188840308,4240.0,92,17,4,2,2,"{'0.0': 10.0, '0.25': 10.0, '0.5': 10.0, '0.75': 10.0, '0.9': 10.0, '0.99': 10.0, '1.0': 4240.0}"
rain_observations.csv,750016,2025-10-31 15:10:00+00:00,2026-09-30 04:00:00+00:00,333.53472222222223,47992,47992,0,10.0,48030,0.9992088278159483,300.0,7,2,1,0,0,"{'0.0': 10.0, '0.25': 10.0, '0.5': 10.0, '0.75': 10.0, '0.9': 10.0, '0.99': 10.0, '1.0': 300.0}"
rain_observations.csv,750021,2025-10-31 15:10:00+00:00,2026-09-30 04:00:00+00:00,333.53472222222223,48028,48028,0,10.0,48030,0.9999583593587341,20.0,2,0,0,0,0,"{'0.0': 10.0, '0.25': 10.0, '0.5': 10.0, '0.75': 10.0, '0.9': 10.0, '0.99': 10.0, '1.0': 20.0}"
rain_observations.csv,750022,2025-10-31 15:10:00+00:00,2026-09-30 04:00:00+00:00,333.53472222222223,46754,46754,0,10.0,48030,0.9734332708723714,11370.0,8,4,4,3,1,"{'0.0': 10.0, '0.25': 10.0, '0.5': 10.0, '0.75': 10.0, '0.9': 10.0, '0.99': 10.0, '1.0': 11370.0}"
rain_observations.csv,750023,2025-10-31 15:10:00+00:00,2026-09-30 04:00:00+00:00,333.53472222222223,47479,47479,0,10.0,48030,0.9885280033312513,5500.0,3,1,1,1,1,"{'0.0': 10.0, '0.25': 10.0, '0.5': 10.0, '0.75': 10.0, '0.9': 10.0, '0.99': 10.0, '1.0': 5500.0}"
rain_observations.csv,750024,2025-10-31 15:10:00+00:00,2026-09-30 04:00:00+00:00,333.53472222222223,47761,47761,0,10.0,48030,0.9943993337497398,2660.0,5,1,1,1,1,"{'0.0': 10.0, '0.25': 10.0, '0.5': 10.0, '0.75': 10.0, '0.9': 10.0, '0.99': 10.0, '1.0': 2660.0}"
rain_observations.csv,750025,2025-10-31 15:10:00+00:00,2026-09-30 04:00:00+00:00,333.53472222222223,47705,47705,0,10.0,48030,0.9932333957942953,3240.0,3,1,1,1,1,"{'0.0': 10.0, '0.25': 10.0, '0.5': 10.0, '0.75': 10.0, '0.9': 10.0, '0.99': 10.0, '1.0': 3240.0}"
rain_observations.csv,750026,2025-10-31 15:10:00+00:00,2026-09-30 04:00:00+00:00,333.53472222222223,48027,48027,0,10.0,48030,0.9999375390381012,20.0,3,0,0,0,0,"{'0.0': 10.0, '0.25': 10.0, '0.5': 10.0, '0.75': 10.0, '0.9': 10.0, '0.99': 10.0, '1.0': 20.0}"
rain_observations.csv,750027,2025-10-31 15:10:00+00:00,2026-09-30 04:00:00+00:00,333.53472222222223,45111,45111,0,10.0,48030,0.9392254840724548,28400.0,10,4,3,2,1,"{'0.0': 10.0, '0.25': 10.0, '0.5': 10.0, '0.75': 10.0, '0.9': 10.0, '0.99': 10.0, '1.0': 28400.0}"
rain_observations.csv,750028,2025-10-31 15:10:00+00:00,2026-09-30 04:00:00+00:00,333.53472222222223,47512,47512,0,10.0,48030,0.9892150739121383,4220.0,4,2,2,2,1,"{'0.0': 10.0, '0.25': 10.0, '0.5': 10.0, '0.75': 10.0, '0.9': 10.0, '0.99': 10.0, '1.0': 4220.0}"
rain_observations.csv,750029,2025-10-31 15:10:00+00:00,2026-09-30 04:00:00+00:00,333.53472222222223,47779,47779,0,10.0,48030,0.9947740995211326,2120.0,9,6,6,1,1,"{'0.0': 10.0, '0.25': 10.0, '0.5': 10.0, '0.75': 10.0, '0.9': 10.0, '0.99': 10.0, '1.0': 2120.0}"
rain_observations.csv,750030,2025-10-31 15:10:00+00:00,2026-09-30 04:00:00+00:00,333.53472222222223,48028,48028,0,10.0,48030,0.9999583593587341,20.0,2,0,0,0,0,"{'0.0': 10.0, '0.25': 10.0, '0.5': 10.0, '0.75': 10.0, '0.9': 10.0, '0.99': 10.0, '1.0': 20.0}"
rain_observations.csv,750031,2025-10-31 15:10:00+00:00,2026-05-14 01:00:00+00:00,194.40972222222223,27994,27994,0,10.0,27996,0.9999285612230319,20.0,2,0,0,0,0,"{'0.0': 10.0, '0.25': 10.0, '0.5': 10.0, '0.75': 10.0, '0.9': 10.0, '0.99': 10.0, '1.0': 20.0}"
rain_observations.csv,750032,2025-10-31 15:10:00+00:00,2026-09-30 04:00:00+00:00,333.53472222222223,48027,48027,0,10.0,48030,0.9999375390381012,20.0,3,0,0,0,0,"{'0.0': 10.0, '0.25': 10.0, '0.5': 10.0, '0.75': 10.0, '0.9': 10.0, '0.99': 10.0, '1.0': 20.0}"
rain_observations.csv,750033,2025-10-31 15:10:00+00:00,2026-09-30 04:00:00+00:00,333.53472222222223,48011,48011,0,10.0,48030,0.9996044139079742,20.0,19,0,0,0,0,"{'0.0': 10.0, '0.25': 10.0, '0.5': 10.0, '0.75': 10.0, '0.9': 10.0, '0.99': 10.0, '1.0': 20.0}"
rain_observations.csv,750034,2025-10-31 15:10:00+00:00,2026-09-30 04:00:00+00:00,333.53472222222223,48027,48027,0,10.0,48030,0.9999375390381012,20.0,3,0,0,0,0,"{'0.0': 10.0, '0.25': 10.0, '0.5': 10.0, '0.75': 10.0, '0.9': 10.0, '0.99': 10.0, '1.0': 20.0}"
rain_observations.csv,750035,2025-10-31 15:10:00+00:00,2026-09-30 04:00:00+00:00,333.53472222222223,47951,47951,0,10.0,48030,0.9983551946699979,720.0,5,2,1,1,0,"{'0.0': 10.0, '0.25': 10.0, '0.5': 10.0, '0.75': 10.0, '0.9': 10.0, '0.99': 10.0, '1.0': 720.0}"
rain_observations.csv,750040,2025-10-31 15:10:00+00:00,2026-09-30 04:00:00+00:00,333.53472222222223,47202,47202,0,10.0,48030,0.9827607745159276,5250.0,8,6,5,4,1,"{'0.0': 10.0, '0.25': 10.0, '0.5': 10.0, '0.75': 10.0, '0.9': 10.0, '0.99': 10.0, '1.0': 5250.0}"
rain_observations.csv,750041,2025-10-31 15:10:00+00:00,2026-09-30 04:00:00+00:00,333.53472222222223,48025,48025,0,10.0,48030,0.9998958983968353,20.0,5,0,0,0,0,"{'0.0': 10.0, '0.25': 10.0, '0.5': 10.0, '0.75': 10.0, '0.9': 10.0, '0.99': 10.0, '1.0': 20.0}"
rain_observations.csv,750042,2025-10-31 15:10:00+00:00,2026-09-30 04:00:00+00:00,333.53472222222223,47894,47894,0,10.0,48030,0.9971684363939205,1090.0,14,4,2,1,0,"{'0.0': 10.0, '0.25': 10.0, '0.5': 10.0, '0.75': 10.0, '0.9': 10.0, '0.99': 10.0, '1.0': 1090.0}"
rain_observations.csv,750045,2025-10-31 15:10:00+00:00,2026-09-30 04:00:00+00:00,333.53472222222223,48028,48028,0,10.0,48030,0.9999583593587341,20.0,2,0,0,0,0,"{'0.0': 10.0, '0.25': 10.0, '0.5': 10.0, '0.75': 10.0, '0.9': 10.0, '0.99': 10.0, '1.0': 20.0}"
rain_observations.csv,750046,2025-10-31 15:10:00+00:00,2026-09-30 04:00:00+00:00,333.53472222222223,48028,48028,0,10.0,48030,0.9999583593587341,20.0,2,0,0,0,0,"{'0.0': 10.0, '0.25': 10.0, '0.5': 10.0, '0.75': 10.0, '0.9': 10.0, '0.99': 10.0, '1.0': 20.0}"
rain_observations.csv,750047,2025-10-31 15:10:00+00:00,2026-09-30 04:00:00+00:00,333.53472222222223,47267,47267,0,10.0,48030,0.9841140953570685,7600.0,5,1,1,1,1,"{'0.0': 10.0, '0.25': 10.0, '0.5': 10.0, '0.75': 10.0, '0.9': 10.0, '0.99': 10.0, '1.0': 7600.0}"
rain_observations.csv,750059,2025-10-31 15:10:00+00:00,2026-09-30 04:00:00+00:00,333.53472222222223,48022,48022,0,10.0,48030,0.9998334374349365,20.0,8,0,0,0,0,"{'0.0': 10.0, '0.25': 10.0, '0.5': 10.0, '0.75': 10.0, '0.9': 10.0, '0.99': 10.0, '1.0': 20.0}"
rain_observations.csv,750061,2025-10-31 15:10:00+00:00,2026-09-30 04:00:00+00:00,333.53472222222223,48017,48017,0,10.0,48030,0.9997293358317718,20.0,13,0,0,0,0,"{'0.0': 10.0, '0.25': 10.0, '0.5': 10.0, '0.75': 10.0, '0.9': 10.0, '0.99': 10.0, '1.0': 20.0}"
rain_observations.csv,750062,2025-10-31 15:10:00+00:00,2026-09-30 04:00:00+00:00,333.53472222222223,48006,48006,0,10.0,48030,0.9995003123048095,70.0,15,2,1,0,0,"{'0.0': 10.0, '0.25': 10.0, '0.5': 10.0, '0.75': 10.0, '0.9': 10.0, '0.99': 10.0, '1.0': 70.0}"
rain_observations.csv,750063,2025-10-31 15:10:00+00:00,2026-09-30 04:00:00+00:00,333.53472222222223,46315,46315,0,10.0,48030,0.9642931501145118,12220.0,12,6,4,3,3,"{'0.0': 10.0, '0.25': 10.0, '0.5': 10.0, '0.75': 10.0, '0.9': 10.0, '0.99': 10.0, '1.0': 12220.0}"
rain_observations.csv,750064,2025-10-31 15:10:00+00:00,2026-09-30 04:00:00+00:00,333.53472222222223,47191,47191,0,10.0,48030,0.9825317509889653,5040.0,17,3,3,2,2,"{'0.0': 10.0, '0.25': 10.0, '0.5': 10.0, '0.75': 10.0, '0.9': 10.0, '0.99': 10.0, '1.0': 5040.0}"
rain_observations.csv,750065,2025-12-16 22:10:00+00:00,2026-09-30 04:00:00+00:00,287.24305555555554,41347,41347,0,10.0,41364,0.9995890146020694,20.0,17,0,0,0,0,"{'0.0': 10.0, '0.25': 10.0, '0.5': 10.0, '0.75': 10.0, '0.9': 10.0, '0.99': 10.0, '1.0': 20.0}"
rain_observations.csv,750066,2025-10-31 15:10:00+00:00,2026-09-30 04:00:00+00:00,333.53472222222223,48028,48028,0,10.0,48030,0.9999583593587341,20.0,2,0,0,0,0,"{'0.0': 10.0, '0.25': 10.0, '0.5': 10.0, '0.75': 10.0, '0.9': 10.0, '0.99': 10.0, '1.0': 20.0}"
rain_observations.csv,958573,2025-10-31 15:10:00+00:00,2026-09-30 04:00:00+00:00,333.53472222222223,48024,48024,0,10.0,48030,0.9998750780762024,20.0,6,0,0,0,0,"{'0.0': 10.0, '0.25': 10.0, '0.5': 10.0, '0.75': 10.0, '0.9': 10.0, '0.99': 10.0, '1.0': 20.0}"
rain_observations.csv,959428,2025-10-31 15:10:00+00:00,2026-09-30 04:00:00+00:00,333.53472222222223,46820,46820,0,10.0,48030,0.9748074120341453,10950.0,6,3,2,2,1,"{'0.0': 10.0, '0.25': 10.0, '0.5': 10.0, '0.75': 10.0, '0.9': 10.0, '0.99': 10.0, '1.0': 10950.0}"
water_level_observations.csv,11223344,2025-11-14 18:50:00+00:00,2026-09-30 04:00:00+00:00,319.38194444444446,45558,45558,0,10.0,45992,0.9905635762741346,1371.0,10,7,7,6,0,"{'0.0': 2.0, '0.25': 10.0, '0.5': 10.0, '0.75': 10.0, '0.9': 10.0, '0.99': 10.0, '1.0': 1371.0}"
water_level_observations.csv,55889944,2025-11-20 03:31:00+00:00,2026-09-30 04:00:00+00:00,314.0201388888889,44879,44879,0,10.0,45219,0.992481036732347,1840.0,6,2,2,2,2,"{'0.0': 1.0, '0.25': 10.0, '0.5': 10.0, '0.75': 10.0, '0.9': 10.0, '0.99': 10.0, '1.0': 1840.0}"
water_level_observations.csv,74647402,2025-11-14 18:50:00+00:00,2026-09-30 04:00:00+00:00,319.38194444444446,45960,45960,0,10.0,45992,0.999304226822056,30.0,31,0,0,0,0,"{'0.0': 9.0, '0.25': 10.0, '0.5': 10.0, '0.75': 10.0, '0.9': 10.0, '0.99': 10.0, '1.0': 30.0}"
water_level_observations.csv,74647403,2025-11-14 18:50:00+00:00,2026-09-30 04:00:00+00:00,319.38194444444446,45982,45982,0,10.0,45992,0.9997825708818925,30.0,16,0,0,0,0,"{'0.0': 1.0, '0.25': 10.0, '0.5': 10.0, '0.75': 10.0, '0.9': 10.0, '0.99': 10.0, '1.0': 30.0}"
water_level_observations.csv,74647404,2025-11-14 18:50:00+00:00,2026-09-30 04:00:00+00:00,319.38194444444446,45990,45990,0,10.0,45992,0.9999565141763785,30.0,2,0,0,0,0,"{'0.0': 6.0, '0.25': 10.0, '0.5': 10.0, '0.75': 10.0, '0.9': 10.0, '0.99': 10.0, '1.0': 30.0}"
water_level_observations.csv,74647606,2025-11-14 18:50:00+00:00,2026-09-30 04:00:00+00:00,319.38194444444446,45979,45979,0,10.0,45992,0.9997173421464602,30.0,12,0,0,0,0,"{'0.0': 10.0, '0.25': 10.0, '0.5': 10.0, '0.75': 10.0, '0.9': 10.0, '0.99': 10.0, '1.0': 30.0}"
water_level_observations.csv,74647705,2025-11-14 18:50:00+00:00,2026-09-30 04:00:00+00:00,319.38194444444446,45981,45981,0,10.0,45992,0.9997608279700817,30.0,10,0,0,0,0,"{'0.0': 10.0, '0.25': 10.0, '0.5': 10.0, '0.75': 10.0, '0.9': 10.0, '0.99': 10.0, '1.0': 30.0}"
water_level_observations.csv,74648201,2025-11-14 18:50:00+00:00,2026-09-30 04:00:00+00:00,319.38194444444446,45975,45975,0,10.0,45992,0.9996303704992172,30.0,20,0,0,0,0,"{'0.0': 4.0, '0.25': 10.0, '0.5': 10.0, '0.75': 10.0, '0.9': 10.0, '0.99': 10.0, '1.0': 30.0}"
water_level_observations.csv,750043,2025-11-14 18:50:00+00:00,2026-09-30 04:00:00+00:00,319.38194444444446,45986,45986,0,10.0,45992,0.9998695425291355,30.0,5,0,0,0,0,"{'0.0': 10.0, '0.25': 10.0, '0.5': 10.0, '0.75': 10.0, '0.9': 10.0, '0.99': 10.0, '1.0': 30.0}"
water_level_observations.csv,750044,2025-11-14 18:50:00+00:00,2026-09-30 04:00:00+00:00,319.38194444444446,45987,45987,0,10.0,45992,0.9998912854409463,30.0,5,0,0,0,0,"{'0.0': 2.0, '0.25': 10.0, '0.5': 10.0, '0.75': 10.0, '0.9': 10.0, '0.99': 10.0, '1.0': 30.0}"
water_level_observations.csv,751115,2025-11-14 18:50:00+00:00,2026-09-30 04:00:00+00:00,319.38194444444446,43791,43791,0,10.0,45992,0.9521438511045399,17917.0,8,4,4,3,3,"{'0.0': 3.0, '0.25': 10.0, '0.5': 10.0, '0.75': 10.0, '0.9': 10.0, '0.99': 10.0, '1.0': 17917.0}"
water_level_observations.csv,751116,2025-11-14 18:50:00+00:00,2026-09-30 04:00:00+00:00,319.38194444444446,45988,45988,0,10.0,45992,0.999913028352757,30.0,2,0,0,0,0,"{'0.0': 10.0, '0.25': 10.0, '0.5': 10.0, '0.75': 10.0, '0.9': 10.0, '0.99': 10.0, '1.0': 30.0}"
water_level_observations.csv,751117,2025-11-14 18:50:00+00:00,2026-09-30 04:00:00+00:00,319.38194444444446,45988,45988,0,10.0,45992,0.999913028352757,30.0,3,0,0,0,0,"{'0.0': 10.0, '0.25': 10.0, '0.5': 10.0, '0.75': 10.0, '0.9': 10.0, '0.99': 10.0, '1.0': 30.0}"
water_level_observations.csv,751118,2025-11-14 18:50:00+00:00,2026-09-30 04:00:00+00:00,319.38194444444446,45989,45989,0,10.0,45992,0.9999347712645678,30.0,2,0,0,0,0,"{'0.0': 10.0, '0.25': 10.0, '0.5': 10.0, '0.75': 10.0, '0.9': 10.0, '0.99': 10.0, '1.0': 30.0}"
water_level_observations.csv,75882244,2025-11-14 18:50:00+00:00,2026-09-30 04:00:00+00:00,319.38194444444446,45312,45312,0,10.0,45992,0.9852148199686902,3317.0,9,3,3,3,2,"{'0.0': 1.0, '0.25': 10.0, '0.5': 10.0, '0.75': 10.0, '0.9': 10.0, '0.99': 10.0, '1.0': 3317.0}"
water_level_observations.csv,75996644,2025-11-14 18:50:00+00:00,2026-07-31 14:30:00+00:00,258.81944444444446,37265,37265,0,10.0,37271,0.9998390169300528,30.0,10,0,0,0,0,"{'0.0': 9.0, '0.25': 10.0, '0.5': 10.0, '0.75': 10.0, '0.9': 10.0, '0.99': 10.0, '1.0': 30.0}"
water_level_observations.csv,97203841,2026-05-13 19:00:00+00:00,2026-09-30 04:00:00+00:00,139.375,20072,20072,0,10.0,20071,1.000049823127896,10.0,0,0,0,0,0,"{'0.0': 2.0, '0.25': 10.0, '0.5': 10.0, '0.75': 10.0, '0.9': 10.0, '0.99': 10.0, '1.0': 10.0}"
wind_observations.csv,28f350b6-8149-45b0-98d2-49c3096cd9a3,2025-11-05 20:45:00+00:00,2026-09-30 04:08:00+00:00,328.3076388888889,44205,44205,0,5.0,94553,0.4675155732763635,237330.0,6,6,6,5,4,"{'0.0': 1.0, '0.25': 5.0, '0.5': 5.0, '0.75': 5.0, '0.9': 5.0, '0.99': 5.0, '1.0': 237330.0}"
wind_observations.csv,2d9b1c98-16ec-4681-9d23-0769a49aedaa,2025-11-05 20:44:00+00:00,2026-09-30 04:07:00+00:00,328.3076388888889,43803,43803,0,5.0,94553,0.4632639895085296,239495.0,7,5,5,5,4,"{'0.0': 1.0, '0.25': 5.0, '0.5': 5.0, '0.75': 5.0, '0.9': 5.0, '0.99': 5.0, '1.0': 239495.0}"
wind_observations.csv,63586eaa-f1cc-11f0-8f75-0692ec44dcd5,2026-08-21 05:00:00+00:00,2026-09-30 04:10:00+00:00,39.96527777777778,3983,3983,0,10.0,5756,0.6919735927727588,13530.0,5,4,2,2,2,"{'0.0': 10.0, '0.25': 10.0, '0.5': 10.0, '0.75': 10.0, '0.9': 10.0, '0.99': 10.0, '1.0': 13530.0}"
wind_observations.csv,63604a34-f1cc-11f0-8f75-0692ec44dcd5,2026-08-21 05:00:00+00:00,2026-09-30 04:10:00+00:00,39.96527777777778,3983,3983,0,10.0,5756,0.6919735927727588,13530.0,5,4,2,2,2,"{'0.0': 10.0, '0.25': 10.0, '0.5': 10.0, '0.75': 10.0, '0.9': 10.0, '0.99': 10.0, '1.0': 13530.0}"
reservoir_observations.csv,1,2023-10-18 10:00:00+00:00,2026-09-30 07:00:00+00:00,1077.875,4689,4634,55,60.0,25870,0.179126401236954,20760.0,4633,4633,2447,1410,5,"{'0.0': 60.0, '0.25': 60.0, '0.5': 360.0, '0.75': 720.0, '0.9': 720.0, '0.99': 720.0, '1.0': 20760.0}"
reservoir_observations.csv,10,2023-10-18 07:00:00+00:00,2026-09-30 07:00:00+00:00,1078.0,4249,4211,38,360.0,4313,0.9763505680500811,20880.0,4210,4210,4086,87,12,"{'0.0': 60.0, '0.25': 360.0, '0.5': 360.0, '0.75': 360.0, '0.9': 360.0, '0.99': 720.0, '1.0': 20880.0}"
reservoir_observations.csv,11,2023-01-27 07:00:00+00:00,2026-09-30 07:00:00+00:00,1342.0,2335,2312,23,720.0,2685,0.8610800744878957,380160.0,2311,2311,2211,1284,67,"{'0.0': 60.0, '0.25': 360.0, '0.5': 720.0, '0.75': 720.0, '0.9': 720.0, '0.99': 3600.0, '1.0': 380160.0}"
reservoir_observations.csv,12,2023-10-18 07:00:00+00:00,2026-09-13 13:00:00+00:00,1061.25,957,943,14,360.0,4246,0.2220913801224682,430560.0,942,942,809,157,28,"{'0.0': 60.0, '0.25': 180.0, '0.5': 360.0, '0.75': 360.0, '0.9': 720.0, '0.99': 11437.200000000033, '1.0': 430560.0}"
reservoir_observations.csv,13,2023-10-18 07:00:00+00:00,2026-09-30 07:00:00+00:00,1078.0,4176,4120,56,360.0,4313,0.9552515650359379,20760.0,4119,4119,4002,476,11,"{'0.0': 60.0, '0.25': 180.0, '0.5': 360.0, '0.75': 360.0, '0.9': 720.0, '0.99': 1440.0, '1.0': 20760.0}"
reservoir_observations.csv,14,2023-10-18 07:00:00+00:00,2026-09-21 07:00:00+00:00,1069.0,1097,1086,11,180.0,8553,0.1269729919326552,413280.0,1085,1085,965,148,36,"{'0.0': 60.0, '0.25': 180.0, '0.5': 180.0, '0.75': 360.0, '0.9': 720.0, '0.99': 8812.800000000088, '1.0': 413280.0}"
reservoir_observations.csv,15,2023-10-18 07:00:00+00:00,2026-09-30 07:00:00+00:00,1078.0,2221,2190,31,360.0,4313,0.5077672153953164,109800.0,2189,2189,2097,781,107,"{'0.0': 60.0, '0.25': 180.0, '0.5': 360.0, '0.75': 720.0, '0.9': 720.0, '0.99': 6480.0, '1.0': 109800.0}"
reservoir_observations.csv,16,2023-10-18 10:00:00+00:00,2024-10-30 18:00:00+00:00,378.3333333333333,1375,1353,22,60.0,9081,0.14899240171787248,19476.0,1352,1309,798,209,46,"{'0.0': 30.0, '0.25': 60.0, '0.5': 360.0, '0.75': 360.0, '0.9': 720.0, '0.99': 3600.0, '1.0': 19476.0}"
reservoir_observations.csv,17,2023-10-18 07:00:00+00:00,2024-10-30 18:00:00+00:00,378.4583333333333,1341,1334,7,60.0,9084,0.14685160722148832,13680.0,1333,1290,783,209,49,"{'0.0': 22.0, '0.25': 60.0, '0.5': 360.0, '0.75': 360.0, '0.9': 720.0, '0.99': 3864.000000000019, '1.0': 13680.0}"
reservoir_observations.csv,2,2023-10-18 10:00:00+00:00,2026-09-30 07:00:00+00:00,1077.875,2534,2510,24,60.0,25870,0.09702357943563973,160560.0,2509,2509,1780,546,83,"{'0.0': 60.0, '0.25': 60.0, '0.5': 180.0, '0.75': 360.0, '0.9': 720.0, '0.99': 3600.0, '1.0': 160560.0}"
reservoir_observations.csv,3,2023-10-18 10:00:00+00:00,2026-09-30 07:00:00+00:00,1077.875,2257,2189,68,720.0,2156,1.0153061224489797,240480.0,2188,2187,2040,1212,9,"{'0.0': 15.0, '0.25': 360.0, '0.5': 720.0, '0.75': 720.0, '0.9': 720.0, '0.99': 1440.0, '1.0': 240480.0}"
reservoir_observations.csv,4,2023-10-18 10:00:00+00:00,2026-09-27 19:00:00+00:00,1075.375,2937,2816,121,720.0,2151,1.309158530915853,20760.0,2815,2815,2592,1450,21,"{'0.0': 60.0, '0.25': 360.0, '0.5': 720.0, '0.75': 720.0, '0.9': 720.0, '0.99': 1440.0, '1.0': 20760.0}"
reservoir_observations.csv,5,2023-10-18 10:00:00+00:00,2026-09-30 07:00:00+00:00,1077.875,3024,2985,39,60.0,25870,0.11538461538461539,72000.0,2984,2984,1311,488,137,"{'0.0': 60.0, '0.25': 60.0, '0.5': 60.0, '0.75': 360.0, '0.9': 762.0000000000164, '0.99': 6480.0, '1.0': 72000.0}"
reservoir_observations.csv,6,2023-10-18 10:00:00+00:00,2026-09-29 19:00:00+00:00,1077.375,3041,3010,31,360.0,4310,0.6983758700696056,203040.0,3009,3009,2853,256,86,"{'0.0': 60.0, '0.25': 180.0, '0.5': 360.0, '0.75': 360.0, '0.9': 360.0, '0.99': 3600.0, '1.0': 203040.0}"
reservoir_observations.csv,7,2023-10-18 10:00:00+00:00,2026-10-19 13:00:00+00:00,1097.125,1136,1119,17,720.0,2195,0.5097949886104783,337680.0,1118,1118,984,385,35,"{'0.0': 60.0, '0.25': 180.0, '0.5': 360.0, '0.75': 720.0, '0.9': 720.0, '0.99': 2160.0, '1.0': 337680.0}"
reservoir_observations.csv,8,2023-10-18 07:00:00+00:00,2026-09-30 07:00:00+00:00,1078.0,2072,2049,23,720.0,2157,0.9499304589707928,146880.0,2048,2048,1737,857,74,"{'0.0': 60.0, '0.25': 180.0, '0.5': 360.0, '0.75': 720.0, '0.9': 720.0, '0.99': 7581.59999999998, '1.0': 146880.0}"
reservoir_observations.csv,9,2023-10-18 07:00:00+00:00,2026-09-23 07:00:00+00:00,1071.0,423,420,3,60.0,25705,0.016339233612137717,436320.0,419,419,279,71,32,"{'0.0': 60.0, '0.25': 60.0, '0.5': 180.0, '0.75': 360.0, '0.9': 1080.0, '0.99': 19939.199999999968, '1.0': 436320.0}"
