horizon_minutes,split,start,end,rows,valid_targets,boundary_purge_minutes,high_water_events_using_train_p90
60,train,2025-11-14 18:50:00+00:00,2026-06-26 08:20:00+00:00,32194,32183,60,71
60,validation,2026-06-26 08:30:00+00:00,2026-08-13 06:10:00+00:00,6899,6898,60,7
60,test,2026-08-13 06:20:00+00:00,2026-09-30 04:00:00+00:00,6899,6891,0,13
180,train,2025-11-14 18:50:00+00:00,2026-06-26 08:20:00+00:00,32194,32183,180,71
180,validation,2026-06-26 08:30:00+00:00,2026-08-13 06:10:00+00:00,6899,6898,180,7
180,test,2026-08-13 06:20:00+00:00,2026-09-30 04:00:00+00:00,6899,6879,0,13
360,train,2025-11-14 18:50:00+00:00,2026-06-26 08:20:00+00:00,32194,32183,360,71
360,validation,2026-06-26 08:30:00+00:00,2026-08-13 06:10:00+00:00,6899,6898,360,7
360,test,2026-08-13 06:20:00+00:00,2026-09-30 04:00:00+00:00,6899,6861,0,13
